Timestamp,Model,Process,Metric,Score
2025-09-19 14:16:02,Model 1,Validation,MSE,0.0690
2025-09-19 14:16:02,Model 1,Validation,MAE,0.2243
2025-09-19 14:16:02,Model 1,Validation,MAPE,764962666446848.0000
2025-09-19 14:16:02,Model 1,Validation,R2,-0.5283
2025-09-19 14:16:02,Model 1,Validation,EVS,-0.1055
2025-09-19 14:16:02,Model 1,Test,MSE,0.0604
2025-09-19 14:16:02,Model 1,Test,MAE,0.1953
2025-09-19 14:16:02,Model 1,Test,MAPE,1.4668
2025-09-19 14:16:02,Model 1,Test,R2,-1084.9993
2025-09-19 14:16:02,Model 1,Test,EVS,-1.9597
2025-09-19 14:16:02,Model 1,encrypted-fhe,MSE,5418.2221
2025-09-19 14:16:02,Model 1,encrypted-fhe,MAE,73.6083
2025-09-19 14:16:02,Model 1,encrypted-fhe,MAPE,285149761960033120.0000
2025-09-19 14:16:02,Model 1,encrypted-fhe,R2,-58539.0199
2025-09-19 14:16:02,Model 1,encrypted-fhe,EVS,-0.0067
2025-09-19 14:16:02,Model 1,Validation,Time,7.0629
2025-09-19 14:16:02,Model 1,Test,Time,0.0005
2025-09-19 14:16:02,Model 1,encrypted-fhe,Time,4.0115
2025-09-19 14:16:02,Model 1,encrypted-fhe,EncryptionScheme,CKKS
2025-09-19 14:16:02,Model 1,encrypted-fhe,PolyModulusDegree,32768.0000
2025-09-19 14:16:02,Model 1,encrypted-fhe,CoeffModBitSizes,"[60, 40, 40, 40, 40, 40, 40, 60]"
2025-09-19 14:16:02,Model 1,encrypted-fhe,GlobalScale(2^40),1099511627776.0000
2025-09-19 14:16:02,Model 1,encrypted-fhe,AppEncryptionKeySize,1310720.0000
2025-09-19 14:21:32,Model 2,Validation,MSE,0.0386
2025-09-19 14:21:32,Model 2,Validation,MAE,0.1256
2025-09-19 14:21:32,Model 2,Validation,MAPE,287506117427200.0000
2025-09-19 14:21:32,Model 2,Validation,R2,-0.5870
2025-09-19 14:21:32,Model 2,Validation,EVS,0.0343
2025-09-19 14:21:32,Model 2,Test,MSE,0.0441
2025-09-19 14:21:32,Model 2,Test,MAE,0.1464
2025-09-19 14:21:32,Model 2,Test,MAPE,1.5980
2025-09-19 14:21:32,Model 2,Test,R2,-180.1742
2025-09-19 14:21:32,Model 2,Test,EVS,-7.2323
2025-09-19 14:21:32,Model 2,encrypted-fhe,MSE,11.8849
2025-09-19 14:21:32,Model 2,encrypted-fhe,MAE,3.4428
2025-09-19 14:21:32,Model 2,encrypted-fhe,MAPE,13582358820632498.0000
2025-09-19 14:21:32,Model 2,encrypted-fhe,R2,-104.0642
2025-09-19 14:21:32,Model 2,encrypted-fhe,EVS,0.0338
2025-09-19 14:21:32,Model 2,Validation,Time,6.7823
2025-09-19 14:21:32,Model 2,Test,Time,0.0004
2025-09-19 14:21:32,Model 2,encrypted-fhe,Time,4.0129
2025-09-19 14:21:32,Model 2,encrypted-fhe,EncryptionScheme,CKKS
2025-09-19 14:21:32,Model 2,encrypted-fhe,PolyModulusDegree,32768.0000
2025-09-19 14:21:32,Model 2,encrypted-fhe,CoeffModBitSizes,"[60, 40, 40, 40, 40, 40, 40, 60]"
2025-09-19 14:21:32,Model 2,encrypted-fhe,GlobalScale(2^40),1099511627776.0000
2025-09-19 14:21:32,Model 2,encrypted-fhe,AppEncryptionKeySize,1310720.0000
2025-09-19 14:24:39,Model 3,Validation,MSE,0.0369
2025-09-19 14:24:39,Model 3,Validation,MAE,0.1211
2025-09-19 14:24:39,Model 3,Validation,MAPE,272262120865792.0000
2025-09-19 14:24:39,Model 3,Validation,R2,-0.5700
2025-09-19 14:24:39,Model 3,Validation,EVS,0.0299
2025-09-19 14:24:39,Model 3,Test,MSE,0.0395
2025-09-19 14:24:39,Model 3,Test,MAE,0.1293
2025-09-19 14:24:39,Model 3,Test,MAPE,1.4614
2025-09-19 14:24:39,Model 3,Test,R2,-564.7572
2025-09-19 14:24:39,Model 3,Test,EVS,-34.7752
2025-09-19 14:24:39,Model 3,encrypted-fhe,MSE,242.5356
2025-09-19 14:24:39,Model 3,encrypted-fhe,MAE,15.5723
2025-09-19 14:24:39,Model 3,encrypted-fhe,MAPE,60030621896056432.0000
2025-09-19 14:24:39,Model 3,encrypted-fhe,R2,-2760.1597
2025-09-19 14:24:39,Model 3,encrypted-fhe,EVS,0.0800
2025-09-19 14:24:39,Model 3,Validation,Time,6.9365
2025-09-19 14:24:39,Model 3,Test,Time,0.0004
2025-09-19 14:24:39,Model 3,encrypted-fhe,Time,4.0181
2025-09-19 14:24:39,Model 3,encrypted-fhe,EncryptionScheme,CKKS
2025-09-19 14:24:39,Model 3,encrypted-fhe,PolyModulusDegree,32768.0000
2025-09-19 14:24:39,Model 3,encrypted-fhe,CoeffModBitSizes,"[60, 40, 40, 40, 40, 40, 40, 60]"
2025-09-19 14:24:39,Model 3,encrypted-fhe,GlobalScale(2^40),1099511627776.0000
2025-09-19 14:24:39,Model 3,encrypted-fhe,AppEncryptionKeySize,1310720.0000
2025-09-19 14:27:30,Model 4,Validation,MSE,0.0368
2025-09-19 14:27:30,Model 4,Validation,MAE,0.1276
2025-09-19 14:27:30,Model 4,Validation,MAPE,309884507652096.0000
2025-09-19 14:27:30,Model 4,Validation,R2,-0.5275
2025-09-19 14:27:30,Model 4,Validation,EVS,0.0358
2025-09-19 14:27:30,Model 4,Test,MSE,0.0402
2025-09-19 14:27:30,Model 4,Test,MAE,0.1400
2025-09-19 14:27:30,Model 4,Test,MAPE,1.3675
2025-09-19 14:27:30,Model 4,Test,R2,-793.4693
2025-09-19 14:27:30,Model 4,Test,EVS,-25.9035
2025-09-19 14:27:30,Model 4,encrypted-fhe,MSE,275.3161
2025-09-19 14:27:30,Model 4,encrypted-fhe,MAE,16.5915
2025-09-19 14:27:30,Model 4,encrypted-fhe,MAPE,63974382374551920.0000
2025-09-19 14:27:30,Model 4,encrypted-fhe,R2,-3126.9418
2025-09-19 14:27:30,Model 4,encrypted-fhe,EVS,0.0853
2025-09-19 14:27:30,Model 4,Validation,Time,6.9325
2025-09-19 14:27:30,Model 4,Test,Time,0.0023
2025-09-19 14:27:30,Model 4,encrypted-fhe,Time,3.9912
2025-09-19 14:27:30,Model 4,encrypted-fhe,EncryptionScheme,CKKS
2025-09-19 14:27:30,Model 4,encrypted-fhe,PolyModulusDegree,32768.0000
2025-09-19 14:27:30,Model 4,encrypted-fhe,CoeffModBitSizes,"[60, 40, 40, 40, 40, 40, 40, 60]"
2025-09-19 14:27:30,Model 4,encrypted-fhe,GlobalScale(2^40),1099511627776.0000
2025-09-19 14:27:30,Model 4,encrypted-fhe,AppEncryptionKeySize,1310720.0000
2025-09-19 14:29:40,Model 5,Validation,MSE,0.0368
2025-09-19 14:29:40,Model 5,Validation,MAE,0.1256
2025-09-19 14:29:40,Model 5,Validation,MAPE,298250548543488.0000
2025-09-19 14:29:40,Model 5,Validation,R2,-0.5391
2025-09-19 14:29:40,Model 5,Validation,EVS,0.0365
2025-09-19 14:29:40,Model 5,Test,MSE,0.0402
2025-09-19 14:29:40,Model 5,Test,MAE,0.1372
2025-09-19 14:29:40,Model 5,Test,MAPE,1.5036
2025-09-19 14:29:40,Model 5,Test,R2,-612.2682
2025-09-19 14:29:40,Model 5,Test,EVS,-20.4803
2025-09-19 14:29:40,Model 5,encrypted-fhe,MSE,262.4573
2025-09-19 14:29:40,Model 5,encrypted-fhe,MAE,16.1994
2025-09-19 14:29:40,Model 5,encrypted-fhe,MAPE,62456691875929800.0000
2025-09-19 14:29:40,Model 5,encrypted-fhe,R2,-2982.2828
2025-09-19 14:29:40,Model 5,encrypted-fhe,EVS,0.0887
2025-09-19 14:29:40,Model 5,Validation,Time,8.0695
2025-09-19 14:29:40,Model 5,Test,Time,0.0004
2025-09-19 14:29:40,Model 5,encrypted-fhe,Time,4.0257
2025-09-19 14:29:40,Model 5,encrypted-fhe,EncryptionScheme,CKKS
2025-09-19 14:29:40,Model 5,encrypted-fhe,PolyModulusDegree,32768.0000
2025-09-19 14:29:40,Model 5,encrypted-fhe,CoeffModBitSizes,"[60, 40, 40, 40, 40, 40, 40, 60]"
2025-09-19 14:29:40,Model 5,encrypted-fhe,GlobalScale(2^40),1099511627776.0000
2025-09-19 14:29:40,Model 5,encrypted-fhe,AppEncryptionKeySize,1310720.0000
2025-09-19 14:31:04,Model 6,Validation,MSE,0.0391
2025-09-19 14:31:04,Model 6,Validation,MAE,0.1266
2025-09-19 14:31:04,Model 6,Validation,MAPE,288941978681344.0000
2025-09-19 14:31:04,Model 6,Validation,R2,-0.6036
2025-09-19 14:31:04,Model 6,Validation,EVS,0.0333
2025-09-19 14:31:04,Model 6,Test,MSE,0.0453
2025-09-19 14:31:04,Model 6,Test,MAE,0.1485
2025-09-19 14:31:04,Model 6,Test,MAPE,1.6181
2025-09-19 14:31:04,Model 6,Test,R2,-131.3929
2025-09-19 14:31:04,Model 6,Test,EVS,-7.8887
2025-09-19 14:31:04,Model 6,encrypted-fhe,MSE,78.3493
2025-09-19 14:31:04,Model 6,encrypted-fhe,MAE,8.8496
2025-09-19 14:31:04,Model 6,encrypted-fhe,MAPE,34514923768237756.0000
2025-09-19 14:31:04,Model 6,encrypted-fhe,R2,-786.8787
2025-09-19 14:31:04,Model 6,encrypted-fhe,EVS,-0.0039
2025-09-19 14:31:04,Model 6,Validation,Time,7.1833
2025-09-19 14:31:04,Model 6,Test,Time,0.0004
2025-09-19 14:31:04,Model 6,encrypted-fhe,Time,4.0130
2025-09-19 14:31:04,Model 6,encrypted-fhe,EncryptionScheme,CKKS
2025-09-19 14:31:04,Model 6,encrypted-fhe,PolyModulusDegree,32768.0000
2025-09-19 14:31:04,Model 6,encrypted-fhe,CoeffModBitSizes,"[60, 40, 40, 40, 40, 40, 40, 60]"
2025-09-19 14:31:04,Model 6,encrypted-fhe,GlobalScale(2^40),1099511627776.0000
2025-09-19 14:31:04,Model 6,encrypted-fhe,AppEncryptionKeySize,1310720.0000
2025-09-19 14:33:01,Model 7,Validation,MSE,0.0367
2025-09-19 14:33:01,Model 7,Validation,MAE,0.1289
2025-09-19 14:33:01,Model 7,Validation,MAPE,318670668562432.0000
2025-09-19 14:33:01,Model 7,Validation,R2,-0.5101
2025-09-19 14:33:01,Model 7,Validation,EVS,0.0413
2025-09-19 14:33:01,Model 7,Test,MSE,0.0400
2025-09-19 14:33:01,Model 7,Test,MAE,0.1409
2025-09-19 14:33:01,Model 7,Test,MAPE,1.3419
2025-09-19 14:33:01,Model 7,Test,R2,-425.0854
2025-09-19 14:33:01,Model 7,Test,EVS,-14.4948
2025-09-19 14:33:01,Model 7,encrypted-fhe,MSE,260.5483
2025-09-19 14:33:01,Model 7,encrypted-fhe,MAE,16.1403
2025-09-19 14:33:01,Model 7,encrypted-fhe,MAPE,62230421372164080.0000
2025-09-19 14:33:01,Model 7,encrypted-fhe,R2,-2960.5219
2025-09-19 14:33:01,Model 7,encrypted-fhe,EVS,0.0801
2025-09-19 14:33:01,Model 7,Validation,Time,7.0296
2025-09-19 14:33:01,Model 7,Test,Time,0.0005
2025-09-19 14:33:01,Model 7,encrypted-fhe,Time,4.0168
2025-09-19 14:33:01,Model 7,encrypted-fhe,EncryptionScheme,CKKS
2025-09-19 14:33:01,Model 7,encrypted-fhe,PolyModulusDegree,32768.0000
2025-09-19 14:33:01,Model 7,encrypted-fhe,CoeffModBitSizes,"[60, 40, 40, 40, 40, 40, 40, 60]"
2025-09-19 14:33:01,Model 7,encrypted-fhe,GlobalScale(2^40),1099511627776.0000
2025-09-19 14:33:01,Model 7,encrypted-fhe,AppEncryptionKeySize,1310720.0000
2025-09-19 14:36:02,Model 8,Validation,MSE,0.0378
2025-09-19 14:36:02,Model 8,Validation,MAE,0.1244
2025-09-19 14:36:02,Model 8,Validation,MAPE,284341598945280.0000
2025-09-19 14:36:02,Model 8,Validation,R2,-0.5703
2025-09-19 14:36:02,Model 8,Validation,EVS,0.0420
2025-09-19 14:36:02,Model 8,Test,MSE,0.0428
2025-09-19 14:36:02,Model 8,Test,MAE,0.1445
2025-09-19 14:36:02,Model 8,Test,MAPE,1.5316
2025-09-19 14:36:02,Model 8,Test,R2,-161.0001
2025-09-19 14:36:02,Model 8,Test,EVS,-7.1937
2025-09-19 14:36:02,Model 8,encrypted-fhe,MSE,8.3546
2025-09-19 14:36:02,Model 8,encrypted-fhe,MAE,2.8848
2025-09-19 14:36:02,Model 8,encrypted-fhe,MAPE,10910955356489780.0000
2025-09-19 14:36:02,Model 8,encrypted-fhe,R2,-114.3027
2025-09-19 14:36:02,Model 8,encrypted-fhe,EVS,0.0527
2025-09-19 14:36:02,Model 8,Validation,Time,6.9808
2025-09-19 14:36:02,Model 8,Test,Time,0.0005
2025-09-19 14:36:02,Model 8,encrypted-fhe,Time,4.0097
2025-09-19 14:36:02,Model 8,encrypted-fhe,EncryptionScheme,CKKS
2025-09-19 14:36:02,Model 8,encrypted-fhe,PolyModulusDegree,32768.0000
2025-09-19 14:36:02,Model 8,encrypted-fhe,CoeffModBitSizes,"[60, 40, 40, 40, 40, 40, 40, 60]"
2025-09-19 14:36:02,Model 8,encrypted-fhe,GlobalScale(2^40),1099511627776.0000
2025-09-19 14:36:02,Model 8,encrypted-fhe,AppEncryptionKeySize,1310720.0000
2025-09-19 14:38:07,Model 9,Validation,MSE,0.0368
2025-09-19 14:38:07,Model 9,Validation,MAE,0.1302
2025-09-19 14:38:07,Model 9,Validation,MAPE,325569459781632.0000
2025-09-19 14:38:07,Model 9,Validation,R2,-0.5053
2025-09-19 14:38:07,Model 9,Validation,EVS,0.0417
2025-09-19 14:38:07,Model 9,Test,MSE,0.0407
2025-09-19 14:38:07,Model 9,Test,MAE,0.1446
2025-09-19 14:38:07,Model 9,Test,MAPE,1.3377
2025-09-19 14:38:07,Model 9,Test,R2,-313.5046
2025-09-19 14:38:07,Model 9,Test,EVS,-10.3668
2025-09-19 14:38:07,Model 9,encrypted-fhe,MSE,261.8694
2025-09-19 14:38:07,Model 9,encrypted-fhe,MAE,16.1812
2025-09-19 14:38:07,Model 9,encrypted-fhe,MAPE,62387480191851896.0000
2025-09-19 14:38:07,Model 9,encrypted-fhe,R2,-2975.2645
2025-09-19 14:38:07,Model 9,encrypted-fhe,EVS,0.0831
2025-09-19 14:38:07,Model 9,Validation,Time,6.8191
2025-09-19 14:38:07,Model 9,Test,Time,0.0004
2025-09-19 14:38:07,Model 9,encrypted-fhe,Time,4.0287
2025-09-19 14:38:07,Model 9,encrypted-fhe,EncryptionScheme,CKKS
2025-09-19 14:38:07,Model 9,encrypted-fhe,PolyModulusDegree,32768.0000
2025-09-19 14:38:07,Model 9,encrypted-fhe,CoeffModBitSizes,"[60, 40, 40, 40, 40, 40, 40, 60]"
2025-09-19 14:38:07,Model 9,encrypted-fhe,GlobalScale(2^40),1099511627776.0000
2025-09-19 14:38:07,Model 9,encrypted-fhe,AppEncryptionKeySize,1310720.0000
2025-09-19 14:44:40,Model 10,Validation,MSE,0.0369
2025-09-19 14:44:40,Model 10,Validation,MAE,0.1256
2025-09-19 14:44:40,Model 10,Validation,MAPE,297593821200384.0000
2025-09-19 14:44:40,Model 10,Validation,R2,-0.5413
2025-09-19 14:44:40,Model 10,Validation,EVS,0.0362
2025-09-19 14:44:40,Model 10,Test,MSE,0.0403
2025-09-19 14:44:40,Model 10,Test,MAE,0.1370
2025-09-19 14:44:40,Model 10,Test,MAPE,1.4028
2025-09-19 14:44:40,Model 10,Test,R2,-456.4512
2025-09-19 14:44:40,Model 10,Test,EVS,-19.3977
2025-09-19 14:44:40,Model 10,encrypted-fhe,MSE,228.6024
2025-09-19 14:44:40,Model 10,encrypted-fhe,MAE,15.1183
2025-09-19 14:44:40,Model 10,encrypted-fhe,MAPE,58270221107016736.0000
2025-09-19 14:44:40,Model 10,encrypted-fhe,R2,-2609.7456
2025-09-19 14:44:40,Model 10,encrypted-fhe,EVS,0.0926
2025-09-19 14:44:40,Model 10,Validation,Time,4.8942
2025-09-19 14:44:40,Model 10,Test,Time,0.0007
2025-09-19 14:44:40,Model 10,encrypted-fhe,Time,4.0078
2025-09-19 14:44:40,Model 10,encrypted-fhe,EncryptionScheme,CKKS
2025-09-19 14:44:40,Model 10,encrypted-fhe,PolyModulusDegree,32768.0000
2025-09-19 14:44:40,Model 10,encrypted-fhe,CoeffModBitSizes,"[60, 40, 40, 40, 40, 40, 40, 60]"
2025-09-19 14:44:40,Model 10,encrypted-fhe,GlobalScale(2^40),1099511627776.0000
2025-09-19 14:44:40,Model 10,encrypted-fhe,AppEncryptionKeySize,1310720.0000
2025-09-19 14:45:55,Model 11,Validation,MSE,0.0366
2025-09-19 14:45:55,Model 11,Validation,MAE,0.1266
2025-09-19 14:45:55,Model 11,Validation,MAPE,305223327285248.0000
2025-09-19 14:45:55,Model 11,Validation,R2,-0.5241
2025-09-19 14:45:55,Model 11,Validation,EVS,0.0398
2025-09-19 14:45:55,Model 11,Test,MSE,0.0399
2025-09-19 14:45:55,Model 11,Test,MAE,0.1382
2025-09-19 14:45:55,Model 11,Test,MAPE,1.3680
2025-09-19 14:45:55,Model 11,Test,R2,-403.3833
2025-09-19 14:45:55,Model 11,Test,EVS,-13.6973
2025-09-19 14:45:55,Model 11,encrypted-fhe,MSE,249.5713
2025-09-19 14:45:55,Model 11,encrypted-fhe,MAE,15.7966
2025-09-19 14:45:55,Model 11,encrypted-fhe,MAPE,60899200222974736.0000
2025-09-19 14:45:55,Model 11,encrypted-fhe,R2,-2837.7517
2025-09-19 14:45:55,Model 11,encrypted-fhe,EVS,0.0847
2025-09-19 14:45:55,Model 11,Validation,Time,7.3240
2025-09-19 14:45:55,Model 11,Test,Time,0.0004
2025-09-19 14:45:55,Model 11,encrypted-fhe,Time,4.0106
2025-09-19 14:45:55,Model 11,encrypted-fhe,EncryptionScheme,CKKS
2025-09-19 14:45:55,Model 11,encrypted-fhe,PolyModulusDegree,32768.0000
2025-09-19 14:45:55,Model 11,encrypted-fhe,CoeffModBitSizes,"[60, 40, 40, 40, 40, 40, 40, 60]"
2025-09-19 14:45:55,Model 11,encrypted-fhe,GlobalScale(2^40),1099511627776.0000
2025-09-19 14:45:55,Model 11,encrypted-fhe,AppEncryptionKeySize,1310720.0000
2025-09-19 14:50:35,Model 12,Validation,MSE,0.0368
2025-09-19 14:50:35,Model 12,Validation,MAE,0.1298
2025-09-19 14:50:35,Model 12,Validation,MAPE,323113141141504.0000
2025-09-19 14:50:35,Model 12,Validation,R2,-0.5094
2025-09-19 14:50:35,Model 12,Validation,EVS,0.0411
2025-09-19 14:50:35,Model 12,Test,MSE,0.0403
2025-09-19 14:50:35,Model 12,Test,MAE,0.1429
2025-09-19 14:50:35,Model 12,Test,MAPE,1.3344
2025-09-19 14:50:35,Model 12,Test,R2,-300.7762
2025-09-19 14:50:35,Model 12,Test,EVS,-10.2290
2025-09-19 14:50:35,Model 12,encrypted-fhe,MSE,273.0024
2025-09-19 14:50:35,Model 12,encrypted-fhe,MAE,16.5216
2025-09-19 14:50:35,Model 12,encrypted-fhe,MAPE,63705390816485640.0000
2025-09-19 14:50:35,Model 12,encrypted-fhe,R2,-3099.4158
2025-09-19 14:50:35,Model 12,encrypted-fhe,EVS,0.0796
2025-09-19 14:50:35,Model 12,Validation,Time,10.2803
2025-09-19 14:50:35,Model 12,Test,Time,0.0006
2025-09-19 14:50:35,Model 12,encrypted-fhe,Time,4.0046
2025-09-19 14:50:35,Model 12,encrypted-fhe,EncryptionScheme,CKKS
2025-09-19 14:50:35,Model 12,encrypted-fhe,PolyModulusDegree,32768.0000
2025-09-19 14:50:35,Model 12,encrypted-fhe,CoeffModBitSizes,"[60, 40, 40, 40, 40, 40, 40, 60]"
2025-09-19 14:50:35,Model 12,encrypted-fhe,GlobalScale(2^40),1099511627776.0000
2025-09-19 14:50:35,Model 12,encrypted-fhe,AppEncryptionKeySize,1310720.0000
2025-09-19 14:52:12,Model 13,Validation,MSE,0.0372
2025-09-19 14:52:12,Model 13,Validation,MAE,0.1228
2025-09-19 14:52:12,Model 13,Validation,MAPE,279576970264576.0000
2025-09-19 14:52:12,Model 13,Validation,R2,-0.5706
2025-09-19 14:52:12,Model 13,Validation,EVS,0.0316
2025-09-19 14:52:12,Model 13,Test,MSE,0.0405
2025-09-19 14:52:12,Model 13,Test,MAE,0.1345
2025-09-19 14:52:12,Model 13,Test,MAPE,1.4921
2025-09-19 14:52:12,Model 13,Test,R2,-707.4207
2025-09-19 14:52:12,Model 13,Test,EVS,-27.2217
2025-09-19 14:52:12,Model 13,encrypted-fhe,MSE,215.8689
2025-09-19 14:52:12,Model 13,encrypted-fhe,MAE,14.6912
2025-09-19 14:52:12,Model 13,encrypted-fhe,MAPE,56614762930521800.0000
2025-09-19 14:52:12,Model 13,encrypted-fhe,R2,-2468.0811
2025-09-19 14:52:12,Model 13,encrypted-fhe,EVS,0.0788
2025-09-19 14:52:12,Model 13,Validation,Time,14.9778
2025-09-19 14:52:12,Model 13,Test,Time,0.0004
2025-09-19 14:52:12,Model 13,encrypted-fhe,Time,4.0150
2025-09-19 14:52:12,Model 13,encrypted-fhe,EncryptionScheme,CKKS
2025-09-19 14:52:12,Model 13,encrypted-fhe,PolyModulusDegree,32768.0000
2025-09-19 14:52:12,Model 13,encrypted-fhe,CoeffModBitSizes,"[60, 40, 40, 40, 40, 40, 40, 60]"
2025-09-19 14:52:12,Model 13,encrypted-fhe,GlobalScale(2^40),1099511627776.0000
2025-09-19 14:52:12,Model 13,encrypted-fhe,AppEncryptionKeySize,1310720.0000
2025-09-19 14:55:36,Model 14,Validation,MSE,0.0367
2025-09-19 14:55:36,Model 14,Validation,MAE,0.1243
2025-09-19 14:55:36,Model 14,Validation,MAPE,291940469833728.0000
2025-09-19 14:55:36,Model 14,Validation,R2,-0.5403
2025-09-19 14:55:36,Model 14,Validation,EVS,0.0362
2025-09-19 14:55:36,Model 14,Test,MSE,0.0395
2025-09-19 14:55:36,Model 14,Test,MAE,0.1339
2025-09-19 14:55:36,Model 14,Test,MAPE,1.3960
2025-09-19 14:55:36,Model 14,Test,R2,-363.0570
2025-09-19 14:55:36,Model 14,Test,EVS,-13.9930
2025-09-19 14:55:36,Model 14,encrypted-fhe,MSE,265.3735
2025-09-19 14:55:36,Model 14,encrypted-fhe,MAE,16.2891
2025-09-19 14:55:36,Model 14,encrypted-fhe,MAPE,62807524123331568.0000
2025-09-19 14:55:36,Model 14,encrypted-fhe,R2,-3013.2493
2025-09-19 14:55:36,Model 14,encrypted-fhe,EVS,0.0706
2025-09-19 14:55:36,Model 14,Validation,Time,21.2513
2025-09-19 14:55:36,Model 14,Test,Time,0.0004
2025-09-19 14:55:36,Model 14,encrypted-fhe,Time,4.0281
2025-09-19 14:55:36,Model 14,encrypted-fhe,EncryptionScheme,CKKS
2025-09-19 14:55:36,Model 14,encrypted-fhe,PolyModulusDegree,32768.0000
2025-09-19 14:55:36,Model 14,encrypted-fhe,CoeffModBitSizes,"[60, 40, 40, 40, 40, 40, 40, 60]"
2025-09-19 14:55:36,Model 14,encrypted-fhe,GlobalScale(2^40),1099511627776.0000
2025-09-19 14:55:36,Model 14,encrypted-fhe,AppEncryptionKeySize,1310720.0000
2025-09-19 14:57:36,Model 15,Validation,MSE,0.0366
2025-09-19 14:57:36,Model 15,Validation,MAE,0.1249
2025-09-19 14:57:36,Model 15,Validation,MAPE,295981497188352.0000
2025-09-19 14:57:36,Model 15,Validation,R2,-0.5337
2025-09-19 14:57:36,Model 15,Validation,EVS,0.0370
2025-09-19 14:57:36,Model 15,Test,MSE,0.0393
2025-09-19 14:57:36,Model 15,Test,MAE,0.1336
2025-09-19 14:57:36,Model 15,Test,MAPE,1.3839
2025-09-19 14:57:36,Model 15,Test,R2,-461.0005
2025-09-19 14:57:36,Model 15,Test,EVS,-16.6975
2025-09-19 14:57:36,Model 15,encrypted-fhe,MSE,272.8516
2025-09-19 14:57:36,Model 15,encrypted-fhe,MAE,16.5170
2025-09-19 14:57:36,Model 15,encrypted-fhe,MAPE,63689573492394760.0000
2025-09-19 14:57:36,Model 15,encrypted-fhe,R2,-3096.7465
2025-09-19 14:57:36,Model 15,encrypted-fhe,EVS,0.0864
2025-09-19 14:57:36,Model 15,Validation,Time,28.8061
2025-09-19 14:57:36,Model 15,Test,Time,0.0006
2025-09-19 14:57:36,Model 15,encrypted-fhe,Time,3.9885
2025-09-19 14:57:36,Model 15,encrypted-fhe,EncryptionScheme,CKKS
2025-09-19 14:57:36,Model 15,encrypted-fhe,PolyModulusDegree,32768.0000
2025-09-19 14:57:36,Model 15,encrypted-fhe,CoeffModBitSizes,"[60, 40, 40, 40, 40, 40, 40, 60]"
2025-09-19 14:57:36,Model 15,encrypted-fhe,GlobalScale(2^40),1099511627776.0000
2025-09-19 14:57:36,Model 15,encrypted-fhe,AppEncryptionKeySize,1310720.0000
2025-09-19 15:00:39,Model 16,Validation,MSE,0.0367
2025-09-19 15:00:39,Model 16,Validation,MAE,0.1239
2025-09-19 15:00:39,Model 16,Validation,MAPE,289910024044544.0000
2025-09-19 15:00:39,Model 16,Validation,R2,-0.5394
2025-09-19 15:00:39,Model 16,Validation,EVS,0.0393
2025-09-19 15:00:39,Model 16,Test,MSE,0.0398
2025-09-19 15:00:39,Model 16,Test,MAE,0.1346
2025-09-19 15:00:39,Model 16,Test,MAPE,1.4039
2025-09-19 15:00:39,Model 16,Test,R2,-297.8694
2025-09-19 15:00:39,Model 16,Test,EVS,-9.9827
2025-09-19 15:00:39,Model 16,encrypted-fhe,MSE,292.5049
2025-09-19 15:00:39,Model 16,encrypted-fhe,MAE,17.1016
2025-09-19 15:00:39,Model 16,encrypted-fhe,MAPE,65951776469245056.0000
2025-09-19 15:00:39,Model 16,encrypted-fhe,R2,-3315.6080
2025-09-19 15:00:39,Model 16,encrypted-fhe,EVS,0.0698
2025-09-19 15:00:39,Model 16,Validation,Time,41.9716
2025-09-19 15:00:39,Model 16,Test,Time,0.0005
2025-09-19 15:00:39,Model 16,encrypted-fhe,Time,4.0002
2025-09-19 15:00:39,Model 16,encrypted-fhe,EncryptionScheme,CKKS
2025-09-19 15:00:39,Model 16,encrypted-fhe,PolyModulusDegree,32768.0000
2025-09-19 15:00:39,Model 16,encrypted-fhe,CoeffModBitSizes,"[60, 40, 40, 40, 40, 40, 40, 60]"
2025-09-19 15:00:39,Model 16,encrypted-fhe,GlobalScale(2^40),1099511627776.0000
2025-09-19 15:00:39,Model 16,encrypted-fhe,AppEncryptionKeySize,1310720.0000
2025-09-19 15:02:47,Model 17,Validation,MSE,0.0366
2025-09-19 15:02:47,Model 17,Validation,MAE,0.1260
2025-09-19 15:02:47,Model 17,Validation,MAPE,302885858443264.0000
2025-09-19 15:02:47,Model 17,Validation,R2,-0.5229
2025-09-19 15:02:47,Model 17,Validation,EVS,0.0406
2025-09-19 15:02:47,Model 17,Test,MSE,0.0398
2025-09-19 15:02:47,Model 17,Test,MAE,0.1374
2025-09-19 15:02:47,Model 17,Test,MAPE,1.3678
2025-09-19 15:02:47,Model 17,Test,R2,-510.2432
2025-09-19 15:02:47,Model 17,Test,EVS,-22.8783
2025-09-19 15:02:47,Model 17,encrypted-fhe,MSE,254.5633
2025-09-19 15:02:47,Model 17,encrypted-fhe,MAE,15.9538
2025-09-19 15:02:47,Model 17,encrypted-fhe,MAPE,61509825226090000.0000
2025-09-19 15:02:47,Model 17,encrypted-fhe,R2,-2891.3794
2025-09-19 15:02:47,Model 17,encrypted-fhe,EVS,0.0714
2025-09-19 15:02:47,Model 17,Validation,Time,49.3382
2025-09-19 15:02:47,Model 17,Test,Time,0.0004
2025-09-19 15:02:47,Model 17,encrypted-fhe,Time,4.0219
2025-09-19 15:02:47,Model 17,encrypted-fhe,EncryptionScheme,CKKS
2025-09-19 15:02:47,Model 17,encrypted-fhe,PolyModulusDegree,32768.0000
2025-09-19 15:02:47,Model 17,encrypted-fhe,CoeffModBitSizes,"[60, 40, 40, 40, 40, 40, 40, 60]"
2025-09-19 15:02:47,Model 17,encrypted-fhe,GlobalScale(2^40),1099511627776.0000
2025-09-19 15:02:47,Model 17,encrypted-fhe,AppEncryptionKeySize,1310720.0000
2025-09-19 15:05:59,Model 18,Validation,MSE,0.0367
2025-09-19 15:05:59,Model 18,Validation,MAE,0.1289
2025-09-19 15:05:59,Model 18,Validation,MAPE,318923736088576.0000
2025-09-19 15:05:59,Model 18,Validation,R2,-0.5075
2025-09-19 15:05:59,Model 18,Validation,EVS,0.0429
2025-09-19 15:05:59,Model 18,Test,MSE,0.0404
2025-09-19 15:05:59,Model 18,Test,MAE,0.1418
2025-09-19 15:05:59,Model 18,Test,MAPE,1.3520
2025-09-19 15:05:59,Model 18,Test,R2,-288.5035
2025-09-19 15:05:59,Model 18,Test,EVS,-13.1558
2025-09-19 15:05:59,Model 18,encrypted-fhe,MSE,272.6050
2025-09-19 15:05:59,Model 18,encrypted-fhe,MAE,16.5096
2025-09-19 15:05:59,Model 18,encrypted-fhe,MAPE,63660753448952528.0000
2025-09-19 15:05:59,Model 18,encrypted-fhe,R2,-3089.6314
2025-09-19 15:05:59,Model 18,encrypted-fhe,EVS,0.0653
2025-09-19 15:05:59,Model 18,Validation,Time,69.0266
2025-09-19 15:05:59,Model 18,Test,Time,0.0005
2025-09-19 15:05:59,Model 18,encrypted-fhe,Time,4.0114
2025-09-19 15:05:59,Model 18,encrypted-fhe,EncryptionScheme,CKKS
2025-09-19 15:05:59,Model 18,encrypted-fhe,PolyModulusDegree,32768.0000
2025-09-19 15:05:59,Model 18,encrypted-fhe,CoeffModBitSizes,"[60, 40, 40, 40, 40, 40, 40, 60]"
2025-09-19 15:05:59,Model 18,encrypted-fhe,GlobalScale(2^40),1099511627776.0000
2025-09-19 15:05:59,Model 18,encrypted-fhe,AppEncryptionKeySize,1310720.0000
2025-09-19 15:09:09,Model 19,Validation,MSE,0.0374
2025-09-19 15:09:09,Model 19,Validation,MAE,0.1287
2025-09-19 15:09:09,Model 19,Validation,MAPE,311967331909632.0000
2025-09-19 15:09:09,Model 19,Validation,R2,-0.5401
2025-09-19 15:09:09,Model 19,Validation,EVS,0.0356
2025-09-19 15:09:09,Model 19,Test,MSE,0.0413
2025-09-19 15:09:09,Model 19,Test,MAE,0.1434
2025-09-19 15:09:09,Model 19,Test,MAPE,1.4269
2025-09-19 15:09:09,Model 19,Test,R2,-341.5300
2025-09-19 15:09:09,Model 19,Test,EVS,-12.2457
2025-09-19 15:09:09,Model 19,encrypted-fhe,MSE,152.8804
2025-09-19 15:09:09,Model 19,encrypted-fhe,MAE,12.3629
2025-09-19 15:09:09,Model 19,encrypted-fhe,MAPE,47606740681885536.0000
2025-09-19 15:09:09,Model 19,encrypted-fhe,R2,-1755.2144
2025-09-19 15:09:09,Model 19,encrypted-fhe,EVS,0.0707
2025-09-19 15:09:09,Model 19,Validation,Time,7.4030
2025-09-19 15:09:09,Model 19,Test,Time,0.0004
2025-09-19 15:09:09,Model 19,encrypted-fhe,Time,4.0245
2025-09-19 15:09:09,Model 19,encrypted-fhe,EncryptionScheme,CKKS
2025-09-19 15:09:09,Model 19,encrypted-fhe,PolyModulusDegree,32768.0000
2025-09-19 15:09:09,Model 19,encrypted-fhe,CoeffModBitSizes,"[60, 40, 40, 40, 40, 40, 40, 60]"
2025-09-19 15:09:09,Model 19,encrypted-fhe,GlobalScale(2^40),1099511627776.0000
2025-09-19 15:09:09,Model 19,encrypted-fhe,AppEncryptionKeySize,1310720.0000
2025-09-19 15:14:08,Model 20,Validation,MSE,0.0372
2025-09-19 15:14:08,Model 20,Validation,MAE,0.1257
2025-09-19 15:14:08,Model 20,Validation,MAPE,295504588046336.0000
2025-09-19 15:14:08,Model 20,Validation,R2,-0.5552
2025-09-19 15:14:08,Model 20,Validation,EVS,0.0333
2025-09-19 15:14:08,Model 20,Test,MSE,0.0409
2025-09-19 15:14:08,Model 20,Test,MAE,0.1390
2025-09-19 15:14:08,Model 20,Test,MAPE,1.4325
2025-09-19 15:14:08,Model 20,Test,R2,-650.6072
2025-09-19 15:14:08,Model 20,Test,EVS,-35.9633
2025-09-19 15:14:08,Model 20,encrypted-fhe,MSE,193.6508
2025-09-19 15:14:08,Model 20,encrypted-fhe,MAE,13.9145
2025-09-19 15:14:08,Model 20,encrypted-fhe,MAPE,53609201726727904.0000
2025-09-19 15:14:08,Model 20,encrypted-fhe,R2,-2219.5755
2025-09-19 15:14:08,Model 20,encrypted-fhe,EVS,0.0704
2025-09-19 15:14:08,Model 20,Validation,Time,6.3280
2025-09-19 15:14:08,Model 20,Test,Time,0.0005
2025-09-19 15:14:08,Model 20,encrypted-fhe,Time,3.9664
2025-09-19 15:14:08,Model 20,encrypted-fhe,EncryptionScheme,CKKS
2025-09-19 15:14:08,Model 20,encrypted-fhe,PolyModulusDegree,32768.0000
2025-09-19 15:14:08,Model 20,encrypted-fhe,CoeffModBitSizes,"[60, 40, 40, 40, 40, 40, 40, 60]"
2025-09-19 15:14:08,Model 20,encrypted-fhe,GlobalScale(2^40),1099511627776.0000
2025-09-19 15:14:08,Model 20,encrypted-fhe,AppEncryptionKeySize,1310720.0000
2025-09-19 15:15:17,Model 21,Validation,MSE,0.0367
2025-09-19 15:15:17,Model 21,Validation,MAE,0.1281
2025-09-19 15:15:17,Model 21,Validation,MAPE,313586098372608.0000
2025-09-19 15:15:17,Model 21,Validation,R2,-0.5190
2025-09-19 15:15:17,Model 21,Validation,EVS,0.0387
2025-09-19 15:15:17,Model 21,Test,MSE,0.0401
2025-09-19 15:15:17,Model 21,Test,MAE,0.1402
2025-09-19 15:15:17,Model 21,Test,MAPE,1.4186
2025-09-19 15:15:17,Model 21,Test,R2,-562.0968
2025-09-19 15:15:17,Model 21,Test,EVS,-17.2234
2025-09-19 15:15:17,Model 21,encrypted-fhe,MSE,257.0951
2025-09-19 15:15:17,Model 21,encrypted-fhe,MAE,16.0330
2025-09-19 15:15:17,Model 21,encrypted-fhe,MAPE,61815313132964152.0000
2025-09-19 15:15:17,Model 21,encrypted-fhe,R2,-2918.4319
2025-09-19 15:15:17,Model 21,encrypted-fhe,EVS,0.0678
2025-09-19 15:15:17,Model 21,Validation,Time,7.2466
2025-09-19 15:15:17,Model 21,Test,Time,0.0005
2025-09-19 15:15:17,Model 21,encrypted-fhe,Time,4.0132
2025-09-19 15:15:17,Model 21,encrypted-fhe,EncryptionScheme,CKKS
2025-09-19 15:15:17,Model 21,encrypted-fhe,PolyModulusDegree,32768.0000
2025-09-19 15:15:17,Model 21,encrypted-fhe,CoeffModBitSizes,"[60, 40, 40, 40, 40, 40, 40, 60]"
2025-09-19 15:15:17,Model 21,encrypted-fhe,GlobalScale(2^40),1099511627776.0000
2025-09-19 15:15:17,Model 21,encrypted-fhe,AppEncryptionKeySize,1310720.0000
2025-09-19 15:20:42,Model 22,Validation,MSE,0.0368
2025-09-19 15:20:42,Model 22,Validation,MAE,0.1300
2025-09-19 15:20:42,Model 22,Validation,MAPE,324955078131712.0000
2025-09-19 15:20:42,Model 22,Validation,R2,-0.5011
2025-09-19 15:20:42,Model 22,Validation,EVS,0.0443
2025-09-19 15:20:42,Model 22,Test,MSE,0.0408
2025-09-19 15:20:42,Model 22,Test,MAE,0.1450
2025-09-19 15:20:42,Model 22,Test,MAPE,1.3311
2025-09-19 15:20:42,Model 22,Test,R2,-289.0563
2025-09-19 15:20:42,Model 22,Test,EVS,-7.4033
2025-09-19 15:20:42,Model 22,encrypted-fhe,MSE,210.7297
2025-09-19 15:20:42,Model 22,encrypted-fhe,MAE,14.5152
2025-09-19 15:20:42,Model 22,encrypted-fhe,MAPE,55940199584716080.0000
2025-09-19 15:20:42,Model 22,encrypted-fhe,R2,-2402.3165
2025-09-19 15:20:42,Model 22,encrypted-fhe,EVS,0.0689
2025-09-19 15:20:42,Model 22,Validation,Time,6.4389
2025-09-19 15:20:42,Model 22,Test,Time,0.0006
2025-09-19 15:20:42,Model 22,encrypted-fhe,Time,4.0113
2025-09-19 15:20:42,Model 22,encrypted-fhe,EncryptionScheme,CKKS
2025-09-19 15:20:42,Model 22,encrypted-fhe,PolyModulusDegree,32768.0000
2025-09-19 15:20:42,Model 22,encrypted-fhe,CoeffModBitSizes,"[60, 40, 40, 40, 40, 40, 40, 60]"
2025-09-19 15:20:42,Model 22,encrypted-fhe,GlobalScale(2^40),1099511627776.0000
2025-09-19 15:20:42,Model 22,encrypted-fhe,AppEncryptionKeySize,1310720.0000
2025-09-19 15:23:31,Model 23,Validation,MSE,0.0374
2025-09-19 15:23:31,Model 23,Validation,MAE,0.1177
2025-09-19 15:23:31,Model 23,Validation,MAPE,250181543002112.0000
2025-09-19 15:23:31,Model 23,Validation,R2,-0.6001
2025-09-19 15:23:31,Model 23,Validation,EVS,0.0296
2025-09-19 15:23:31,Model 23,Test,MSE,0.0405
2025-09-19 15:23:31,Model 23,Test,MAE,0.1286
2025-09-19 15:23:31,Model 23,Test,MAPE,1.5497
2025-09-19 15:23:31,Model 23,Test,R2,-452.0664
2025-09-19 15:23:31,Model 23,Test,EVS,-17.8241
2025-09-19 15:23:31,Model 23,encrypted-fhe,MSE,148.3763
2025-09-19 15:23:31,Model 23,encrypted-fhe,MAE,12.1795
2025-09-19 15:23:31,Model 23,encrypted-fhe,MAPE,46895136530529472.0000
2025-09-19 15:23:31,Model 23,encrypted-fhe,R2,-1706.3623
2025-09-19 15:23:31,Model 23,encrypted-fhe,EVS,0.0623
2025-09-19 15:23:31,Model 23,Validation,Time,7.4668
2025-09-19 15:23:31,Model 23,Test,Time,0.0005
2025-09-19 15:23:31,Model 23,encrypted-fhe,Time,4.0087
2025-09-19 15:23:31,Model 23,encrypted-fhe,EncryptionScheme,CKKS
2025-09-19 15:23:31,Model 23,encrypted-fhe,PolyModulusDegree,32768.0000
2025-09-19 15:23:31,Model 23,encrypted-fhe,CoeffModBitSizes,"[60, 40, 40, 40, 40, 40, 40, 60]"
2025-09-19 15:23:31,Model 23,encrypted-fhe,GlobalScale(2^40),1099511627776.0000
2025-09-19 15:23:31,Model 23,encrypted-fhe,AppEncryptionKeySize,1310720.0000
2025-09-19 15:29:52,Model 24,Validation,MSE,0.0382
2025-09-19 15:29:52,Model 24,Validation,MAE,0.1437
2025-09-19 15:29:52,Model 24,Validation,MAPE,400321989836800.0000
2025-09-19 15:29:52,Model 24,Validation,R2,-0.4454
2025-09-19 15:29:52,Model 24,Validation,EVS,0.0453
2025-09-19 15:29:52,Model 24,Test,MSE,0.0437
2025-09-19 15:29:52,Model 24,Test,MAE,0.1654
2025-09-19 15:29:52,Model 24,Test,MAPE,1.2333
2025-09-19 15:29:52,Model 24,Test,R2,-225.8358
2025-09-19 15:29:52,Model 24,Test,EVS,-6.8582
2025-09-19 15:29:52,Model 24,encrypted-fhe,MSE,116.7645
2025-09-19 15:29:52,Model 24,encrypted-fhe,MAE,10.8041
2025-09-19 15:29:52,Model 24,encrypted-fhe,MAPE,41573233184832128.0000
2025-09-19 15:29:52,Model 24,encrypted-fhe,R2,-1355.1259
2025-09-19 15:29:52,Model 24,encrypted-fhe,EVS,0.0889
2025-09-19 15:29:52,Model 24,Validation,Time,7.0964
2025-09-19 15:29:52,Model 24,Test,Time,0.0018
2025-09-19 15:29:52,Model 24,encrypted-fhe,Time,4.0067
2025-09-19 15:29:52,Model 24,encrypted-fhe,EncryptionScheme,CKKS
2025-09-19 15:29:52,Model 24,encrypted-fhe,PolyModulusDegree,32768.0000
2025-09-19 15:29:52,Model 24,encrypted-fhe,CoeffModBitSizes,"[60, 40, 40, 40, 40, 40, 40, 60]"
2025-09-19 15:29:52,Model 24,encrypted-fhe,GlobalScale(2^40),1099511627776.0000
2025-09-19 15:29:52,Model 24,encrypted-fhe,AppEncryptionKeySize,1310720.0000
2025-09-19 15:32:51,Model 25,Validation,MSE,0.0369
2025-09-19 15:32:51,Model 25,Validation,MAE,0.1289
2025-09-19 15:32:51,Model 25,Validation,MAPE,316798599692288.0000
2025-09-19 15:32:51,Model 25,Validation,R2,-0.5201
2025-09-19 15:32:51,Model 25,Validation,EVS,0.0384
2025-09-19 15:32:51,Model 25,Test,MSE,0.0405
2025-09-19 15:32:51,Model 25,Test,MAE,0.1420
2025-09-19 15:32:51,Model 25,Test,MAPE,1.3716
2025-09-19 15:32:51,Model 25,Test,R2,-346.5011
2025-09-19 15:32:51,Model 25,Test,EVS,-13.2403
2025-09-19 15:32:51,Model 25,encrypted-fhe,MSE,240.7394
2025-09-19 15:32:51,Model 25,encrypted-fhe,MAE,15.5145
2025-09-19 15:32:51,Model 25,encrypted-fhe,MAPE,59805002945984720.0000
2025-09-19 15:32:51,Model 25,encrypted-fhe,R2,-2742.7973
2025-09-19 15:32:51,Model 25,encrypted-fhe,EVS,0.0794
2025-09-19 15:32:51,Model 25,Validation,Time,6.9154
2025-09-19 15:32:51,Model 25,Test,Time,0.0004
2025-09-19 15:32:51,Model 25,encrypted-fhe,Time,3.9925
2025-09-19 15:32:51,Model 25,encrypted-fhe,EncryptionScheme,CKKS
2025-09-19 15:32:51,Model 25,encrypted-fhe,PolyModulusDegree,32768.0000
2025-09-19 15:32:51,Model 25,encrypted-fhe,CoeffModBitSizes,"[60, 40, 40, 40, 40, 40, 40, 60]"
2025-09-19 15:32:51,Model 25,encrypted-fhe,GlobalScale(2^40),1099511627776.0000
2025-09-19 15:32:51,Model 25,encrypted-fhe,AppEncryptionKeySize,1310720.0000
2025-09-19 15:37:21,Model 26,Validation,MSE,0.0382
2025-09-19 15:37:21,Model 26,Validation,MAE,0.1257
2025-09-19 15:37:21,Model 26,Validation,MAPE,292678499565568.0000
2025-09-19 15:37:21,Model 26,Validation,R2,-0.5598
2025-09-19 15:37:21,Model 26,Validation,EVS,0.0404
2025-09-19 15:37:21,Model 26,Test,MSE,0.0445
2025-09-19 15:37:21,Model 26,Test,MAE,0.1508
2025-09-19 15:37:21,Model 26,Test,MAPE,1.4889
2025-09-19 15:37:21,Model 26,Test,R2,-246.6685
2025-09-19 15:37:21,Model 26,Test,EVS,-8.8952
2025-09-19 15:37:21,Model 26,encrypted-fhe,MSE,1.5320
2025-09-19 15:37:21,Model 26,encrypted-fhe,MAE,1.2248
2025-09-19 15:37:21,Model 26,encrypted-fhe,MAPE,4483912598815649.0000
2025-09-19 15:37:21,Model 26,encrypted-fhe,R2,-27.1250
2025-09-19 15:37:21,Model 26,encrypted-fhe,EVS,0.0361
2025-09-19 15:37:21,Model 26,Validation,Time,13.7591
2025-09-19 15:37:21,Model 26,Test,Time,0.0022
2025-09-19 15:37:21,Model 26,encrypted-fhe,Time,3.9952
2025-09-19 15:37:21,Model 26,encrypted-fhe,EncryptionScheme,CKKS
2025-09-19 15:37:21,Model 26,encrypted-fhe,PolyModulusDegree,32768.0000
2025-09-19 15:37:21,Model 26,encrypted-fhe,CoeffModBitSizes,"[60, 40, 40, 40, 40, 40, 40, 60]"
2025-09-19 15:37:21,Model 26,encrypted-fhe,GlobalScale(2^40),1099511627776.0000
2025-09-19 15:37:21,Model 26,encrypted-fhe,AppEncryptionKeySize,1310720.0000
2025-09-19 15:39:42,Model 27,Validation,MSE,0.0374
2025-09-19 15:39:42,Model 27,Validation,MAE,0.1256
2025-09-19 15:39:42,Model 27,Validation,MAPE,294735352692736.0000
2025-09-19 15:39:42,Model 27,Validation,R2,-0.5599
2025-09-19 15:39:42,Model 27,Validation,EVS,0.0303
2025-09-19 15:39:42,Model 27,Test,MSE,0.0411
2025-09-19 15:39:42,Model 27,Test,MAE,0.1390
2025-09-19 15:39:42,Model 27,Test,MAPE,1.4520
2025-09-19 15:39:42,Model 27,Test,R2,-461.2485
2025-09-19 15:39:42,Model 27,Test,EVS,-28.5478
2025-09-19 15:39:42,Model 27,encrypted-fhe,MSE,239.0575
2025-09-19 15:39:42,Model 27,encrypted-fhe,MAE,15.4603
2025-09-19 15:39:42,Model 27,encrypted-fhe,MAPE,59593063656541728.0000
2025-09-19 15:39:42,Model 27,encrypted-fhe,R2,-2725.1814
2025-09-19 15:39:42,Model 27,encrypted-fhe,EVS,0.0828
2025-09-19 15:39:42,Model 27,Validation,Time,10.2132
2025-09-19 15:39:42,Model 27,Test,Time,0.0005
2025-09-19 15:39:42,Model 27,encrypted-fhe,Time,4.0314
2025-09-19 15:39:42,Model 27,encrypted-fhe,EncryptionScheme,CKKS
2025-09-19 15:39:42,Model 27,encrypted-fhe,PolyModulusDegree,32768.0000
2025-09-19 15:39:42,Model 27,encrypted-fhe,CoeffModBitSizes,"[60, 40, 40, 40, 40, 40, 40, 60]"
2025-09-19 15:39:42,Model 27,encrypted-fhe,GlobalScale(2^40),1099511627776.0000
2025-09-19 15:39:42,Model 27,encrypted-fhe,AppEncryptionKeySize,1310720.0000
2025-09-19 15:44:11,Model 28,Validation,MSE,0.0369
2025-09-19 15:44:11,Model 28,Validation,MAE,0.1264
2025-09-19 15:44:11,Model 28,Validation,MAPE,302504277442560.0000
2025-09-19 15:44:11,Model 28,Validation,R2,-0.5383
2025-09-19 15:44:11,Model 28,Validation,EVS,0.0346
2025-09-19 15:44:11,Model 28,Test,MSE,0.0403
2025-09-19 15:44:11,Model 28,Test,MAE,0.1383
2025-09-19 15:44:11,Model 28,Test,MAPE,1.3885
2025-09-19 15:44:11,Model 28,Test,R2,-5617.3428
2025-09-19 15:44:11,Model 28,Test,EVS,-423.9100
2025-09-19 15:44:11,Model 28,encrypted-fhe,MSE,274.2131
2025-09-19 15:44:11,Model 28,encrypted-fhe,MAE,16.5582
2025-09-19 15:44:11,Model 28,encrypted-fhe,MAPE,63846032372245024.0000
2025-09-19 15:44:11,Model 28,encrypted-fhe,R2,-3114.6884
2025-09-19 15:44:11,Model 28,encrypted-fhe,EVS,0.0837
2025-09-19 15:44:11,Model 28,Validation,Time,7.6367
2025-09-19 15:44:11,Model 28,Test,Time,0.0034
2025-09-19 15:44:11,Model 28,encrypted-fhe,Time,4.0163
2025-09-19 15:44:11,Model 28,encrypted-fhe,EncryptionScheme,CKKS
2025-09-19 15:44:11,Model 28,encrypted-fhe,PolyModulusDegree,32768.0000
2025-09-19 15:44:11,Model 28,encrypted-fhe,CoeffModBitSizes,"[60, 40, 40, 40, 40, 40, 40, 60]"
2025-09-19 15:44:11,Model 28,encrypted-fhe,GlobalScale(2^40),1099511627776.0000
2025-09-19 15:44:11,Model 28,encrypted-fhe,AppEncryptionKeySize,1310720.0000
2025-09-19 15:47:11,Model 29,Validation,MSE,0.0368
2025-09-19 15:47:11,Model 29,Validation,MAE,0.1264
2025-09-19 15:47:11,Model 29,Validation,MAPE,303602044239872.0000
2025-09-19 15:47:11,Model 29,Validation,R2,-0.5327
2025-09-19 15:47:11,Model 29,Validation,EVS,0.0340
2025-09-19 15:47:11,Model 29,Test,MSE,0.0401
2025-09-19 15:47:11,Model 29,Test,MAE,0.1381
2025-09-19 15:47:11,Model 29,Test,MAPE,1.3841
2025-09-19 15:47:11,Model 29,Test,R2,-1417.4800
2025-09-19 15:47:11,Model 29,Test,EVS,-58.4079
2025-09-19 15:47:11,Model 29,encrypted-fhe,MSE,278.7314
2025-09-19 15:47:11,Model 29,encrypted-fhe,MAE,16.6941
2025-09-19 15:47:11,Model 29,encrypted-fhe,MAPE,64372226246487920.0000
2025-09-19 15:47:11,Model 29,encrypted-fhe,R2,-3165.7783
2025-09-19 15:47:11,Model 29,encrypted-fhe,EVS,0.0921
2025-09-19 15:47:11,Model 29,Validation,Time,6.7820
2025-09-19 15:47:11,Model 29,Test,Time,0.0005
2025-09-19 15:47:11,Model 29,encrypted-fhe,Time,4.0224
2025-09-19 15:47:11,Model 29,encrypted-fhe,EncryptionScheme,CKKS
2025-09-19 15:47:11,Model 29,encrypted-fhe,PolyModulusDegree,32768.0000
2025-09-19 15:47:11,Model 29,encrypted-fhe,CoeffModBitSizes,"[60, 40, 40, 40, 40, 40, 40, 60]"
2025-09-19 15:47:11,Model 29,encrypted-fhe,GlobalScale(2^40),1099511627776.0000
2025-09-19 15:47:11,Model 29,encrypted-fhe,AppEncryptionKeySize,1310720.0000
2025-09-19 15:50:22,Model 30,Validation,MSE,0.0369
2025-09-19 15:50:22,Model 30,Validation,MAE,0.1238
2025-09-19 15:50:22,Model 30,Validation,MAPE,287440585621504.0000
2025-09-19 15:50:22,Model 30,Validation,R2,-0.5532
2025-09-19 15:50:22,Model 30,Validation,EVS,0.0345
2025-09-19 15:50:22,Model 30,Test,MSE,0.0401
2025-09-19 15:50:22,Model 30,Test,MAE,0.1345
2025-09-19 15:50:22,Model 30,Test,MAPE,1.4607
2025-09-19 15:50:22,Model 30,Test,R2,-667.4268
2025-09-19 15:50:22,Model 30,Test,EVS,-25.7490
2025-09-19 15:50:22,Model 30,encrypted-fhe,MSE,242.4174
2025-09-19 15:50:22,Model 30,encrypted-fhe,MAE,15.5685
2025-09-19 15:50:22,Model 30,encrypted-fhe,MAPE,60014975474470072.0000
2025-09-19 15:50:22,Model 30,encrypted-fhe,R2,-2757.5866
2025-09-19 15:50:22,Model 30,encrypted-fhe,EVS,0.0813
2025-09-19 15:50:22,Model 30,Validation,Time,6.7603
2025-09-19 15:50:22,Model 30,Test,Time,0.0006
2025-09-19 15:50:22,Model 30,encrypted-fhe,Time,4.0316
2025-09-19 15:50:22,Model 30,encrypted-fhe,EncryptionScheme,CKKS
2025-09-19 15:50:22,Model 30,encrypted-fhe,PolyModulusDegree,32768.0000
2025-09-19 15:50:22,Model 30,encrypted-fhe,CoeffModBitSizes,"[60, 40, 40, 40, 40, 40, 40, 60]"
2025-09-19 15:50:22,Model 30,encrypted-fhe,GlobalScale(2^40),1099511627776.0000
2025-09-19 15:50:22,Model 30,encrypted-fhe,AppEncryptionKeySize,1310720.0000
2025-09-19 15:51:54,Model 31,Validation,MSE,0.0464
2025-09-19 15:51:54,Model 31,Validation,MAE,0.1752
2025-09-19 15:51:54,Model 31,Validation,MAPE,558713236619264.0000
2025-09-19 15:51:54,Model 31,Validation,R2,-0.3626
2025-09-19 15:51:54,Model 31,Validation,EVS,0.0631
2025-09-19 15:51:54,Model 31,Test,MSE,0.0611
2025-09-19 15:51:54,Model 31,Test,MAE,0.2143
2025-09-19 15:51:54,Model 31,Test,MAPE,1.1660
2025-09-19 15:51:54,Model 31,Test,R2,-56.1592
2025-09-19 15:51:54,Model 31,Test,EVS,-1.1062
2025-09-19 15:51:54,Model 31,encrypted-fhe,MSE,72.9875
2025-09-19 15:51:54,Model 31,encrypted-fhe,MAE,8.5414
2025-09-19 15:51:54,Model 31,encrypted-fhe,MAPE,33316689865385096.0000
2025-09-19 15:51:54,Model 31,encrypted-fhe,R2,-731.0698
2025-09-19 15:51:54,Model 31,encrypted-fhe,EVS,0.0317
2025-09-19 15:51:54,Model 31,Validation,Time,6.9320
2025-09-19 15:51:54,Model 31,Test,Time,0.0004
2025-09-19 15:51:54,Model 31,encrypted-fhe,Time,4.0087
2025-09-19 15:51:54,Model 31,encrypted-fhe,EncryptionScheme,CKKS
2025-09-19 15:51:54,Model 31,encrypted-fhe,PolyModulusDegree,32768.0000
2025-09-19 15:51:54,Model 31,encrypted-fhe,CoeffModBitSizes,"[60, 40, 40, 40, 40, 40, 40, 60]"
2025-09-19 15:51:54,Model 31,encrypted-fhe,GlobalScale(2^40),1099511627776.0000
2025-09-19 15:51:54,Model 31,encrypted-fhe,AppEncryptionKeySize,1310720.0000
2025-09-19 15:53:19,Model 32,Validation,MSE,0.0457
2025-09-19 15:53:19,Model 32,Validation,MAE,0.0746
2025-09-19 15:53:19,Model 32,Validation,MAPE,1237071429632.0000
2025-09-19 15:53:19,Model 32,Validation,R2,-0.9006
2025-09-19 15:53:19,Model 32,Validation,EVS,0.0002
2025-09-19 15:53:19,Model 32,Test,MSE,0.0490
2025-09-19 15:53:19,Model 32,Test,MAE,0.0788
2025-09-19 15:53:19,Model 32,Test,MAPE,298.6249
2025-09-19 15:53:19,Model 32,Test,R2,-4815548.0000
2025-09-19 15:53:19,Model 32,Test,EVS,-349750.7500
2025-09-19 15:53:19,Model 32,encrypted-fhe,MSE,0.0471
2025-09-19 15:53:19,Model 32,encrypted-fhe,MAE,0.1151
2025-09-19 15:53:19,Model 32,encrypted-fhe,MAPE,181674001576811.3125
2025-09-19 15:53:19,Model 32,encrypted-fhe,R2,-2.5394
2025-09-19 15:53:19,Model 32,encrypted-fhe,EVS,0.0003
2025-09-19 15:53:19,Model 32,Validation,Time,6.6545
2025-09-19 15:53:19,Model 32,Test,Time,0.0005
2025-09-19 15:53:19,Model 32,encrypted-fhe,Time,4.0147
2025-09-19 15:53:19,Model 32,encrypted-fhe,EncryptionScheme,CKKS
2025-09-19 15:53:19,Model 32,encrypted-fhe,PolyModulusDegree,32768.0000
2025-09-19 15:53:19,Model 32,encrypted-fhe,CoeffModBitSizes,"[60, 40, 40, 40, 40, 40, 40, 60]"
2025-09-19 15:53:19,Model 32,encrypted-fhe,GlobalScale(2^40),1099511627776.0000
2025-09-19 15:53:19,Model 32,encrypted-fhe,AppEncryptionKeySize,1310720.0000
2025-09-19 15:54:44,Model 33,Validation,MSE,131498172416.0000
2025-09-19 15:54:44,Model 33,Validation,MAE,280898.1875
2025-09-19 15:54:44,Model 33,Validation,MAPE,1052803529403145388032.0000
2025-09-19 15:54:44,Model 33,Validation,R2,-458819338240.0000
2025-09-19 15:54:44,Model 33,Validation,EVS,-94748327936.0000
2025-09-19 15:54:44,Model 33,Test,MSE,218230865920.0000
2025-09-19 15:54:44,Model 33,Test,MAE,386645.5000
2025-09-19 15:54:44,Model 33,Test,MAPE,1.0000
2025-09-19 15:54:44,Model 33,Test,R2,-9.0965
2025-09-19 15:54:44,Model 33,Test,EVS,0.0000
2025-09-19 15:54:44,Model 33,encrypted-fhe,MSE,6088209865573.4082
2025-09-19 15:54:44,Model 33,encrypted-fhe,MAE,2467181.9360
2025-09-19 15:54:44,Model 33,encrypted-fhe,MAPE,9541988217305604030464.0000
2025-09-19 15:54:44,Model 33,encrypted-fhe,R2,-66695780307402.4219
2025-09-19 15:54:44,Model 33,encrypted-fhe,EVS,-4289266745.1417
2025-09-19 15:54:44,Model 33,Validation,Time,7.4843
2025-09-19 15:54:44,Model 33,Test,Time,0.0004
2025-09-19 15:54:44,Model 33,encrypted-fhe,Time,4.0219
2025-09-19 15:54:44,Model 33,encrypted-fhe,EncryptionScheme,CKKS
2025-09-19 15:54:44,Model 33,encrypted-fhe,PolyModulusDegree,32768.0000
2025-09-19 15:54:44,Model 33,encrypted-fhe,CoeffModBitSizes,"[60, 40, 40, 40, 40, 40, 40, 60]"
2025-09-19 15:54:44,Model 33,encrypted-fhe,GlobalScale(2^40),1099511627776.0000
2025-09-19 15:54:44,Model 33,encrypted-fhe,AppEncryptionKeySize,1310720.0000
2025-09-19 15:58:27,Model 34,Validation,MSE,0.0371
2025-09-19 15:58:27,Model 34,Validation,MAE,0.1185
2025-09-19 15:58:27,Model 34,Validation,MAPE,262464058949632.0000
2025-09-19 15:58:27,Model 34,Validation,R2,-0.4780
2025-09-19 15:58:27,Model 34,Validation,EVS,0.0278
2025-09-19 15:58:27,Model 34,Test,MSE,0.0407
2025-09-19 15:58:27,Model 34,Test,MAE,0.1242
2025-09-19 15:58:27,Model 34,Test,MAPE,1.5228
2025-09-19 15:58:27,Model 34,Test,R2,-132207.7656
2025-09-19 15:58:27,Model 34,Test,EVS,-52.2438
2025-09-19 15:58:27,Model 34,encrypted-fhe,MSE,223.7228
2025-09-19 15:58:27,Model 34,encrypted-fhe,MAE,14.9558
2025-09-19 15:58:27,Model 34,encrypted-fhe,MAPE,57604304547764616.0000
2025-09-19 15:58:27,Model 34,encrypted-fhe,R2,-3809.4281
2025-09-19 15:58:27,Model 34,encrypted-fhe,EVS,0.0626
2025-09-19 15:58:27,Model 34,Validation,Time,1.5093
2025-09-19 15:58:27,Model 34,Test,Time,0.0003
2025-09-19 15:58:27,Model 34,encrypted-fhe,Time,3.9979
2025-09-19 15:58:27,Model 34,encrypted-fhe,EncryptionScheme,CKKS
2025-09-19 15:58:27,Model 34,encrypted-fhe,PolyModulusDegree,32768.0000
2025-09-19 15:58:27,Model 34,encrypted-fhe,CoeffModBitSizes,"[60, 40, 40, 40, 40, 40, 40, 60]"
2025-09-19 15:58:27,Model 34,encrypted-fhe,GlobalScale(2^40),1099511627776.0000
2025-09-19 15:58:27,Model 34,encrypted-fhe,AppEncryptionKeySize,1310720.0000
2025-09-19 16:01:16,Model 35,Validation,MSE,0.0366
2025-09-19 16:01:16,Model 35,Validation,MAE,0.1276
2025-09-19 16:01:16,Model 35,Validation,MAPE,312483399073792.0000
2025-09-19 16:01:16,Model 35,Validation,R2,-0.5024
2025-09-19 16:01:16,Model 35,Validation,EVS,0.0356
2025-09-19 16:01:16,Model 35,Test,MSE,0.0214
2025-09-19 16:01:16,Model 35,Test,MAE,0.1023
2025-09-19 16:01:16,Model 35,Test,MAPE,4.6020
2025-09-19 16:01:16,Model 35,Test,R2,-33.7053
2025-09-19 16:01:16,Model 35,Test,EVS,-1.5916
2025-09-19 16:01:16,Model 35,encrypted-fhe,MSE,280.4274
2025-09-19 16:01:16,Model 35,encrypted-fhe,MAE,16.7444
2025-09-19 16:01:16,Model 35,encrypted-fhe,MAPE,64517665425700880.0000
2025-09-19 16:01:16,Model 35,encrypted-fhe,R2,-91415.7701
2025-09-19 16:01:16,Model 35,encrypted-fhe,EVS,0.0659
2025-09-19 16:01:16,Model 35,Validation,Time,4.3168
2025-09-19 16:01:16,Model 35,Test,Time,0.0005
2025-09-19 16:01:16,Model 35,encrypted-fhe,Time,4.0177
2025-09-19 16:01:16,Model 35,encrypted-fhe,EncryptionScheme,CKKS
2025-09-19 16:01:16,Model 35,encrypted-fhe,PolyModulusDegree,32768.0000
2025-09-19 16:01:16,Model 35,encrypted-fhe,CoeffModBitSizes,"[60, 40, 40, 40, 40, 40, 40, 60]"
2025-09-19 16:01:16,Model 35,encrypted-fhe,GlobalScale(2^40),1099511627776.0000
2025-09-19 16:01:16,Model 35,encrypted-fhe,AppEncryptionKeySize,1310720.0000
2025-09-19 16:03:37,Model 36,Validation,MSE,0.0379
2025-09-19 16:03:37,Model 36,Validation,MAE,0.1266
2025-09-19 16:03:37,Model 36,Validation,MAPE,297405580836864.0000
2025-09-19 16:03:37,Model 36,Validation,R2,-0.5669
2025-09-19 16:03:37,Model 36,Validation,EVS,0.0329
2025-09-19 16:03:37,Model 36,Test,MSE,0.0277
2025-09-19 16:03:37,Model 36,Test,MAE,0.1062
2025-09-19 16:03:37,Model 36,Test,MAPE,1.4624
2025-09-19 16:03:37,Model 36,Test,R2,-99.3878
2025-09-19 16:03:37,Model 36,Test,EVS,-6.0339
2025-09-19 16:03:37,Model 36,encrypted-fhe,MSE,260.8141
2025-09-19 16:03:37,Model 36,encrypted-fhe,MAE,16.1478
2025-09-19 16:03:37,Model 36,encrypted-fhe,MAPE,62180556411859672.0000
2025-09-19 16:03:37,Model 36,encrypted-fhe,R2,-8156.0874
2025-09-19 16:03:37,Model 36,encrypted-fhe,EVS,0.0704
2025-09-19 16:03:37,Model 36,Validation,Time,8.9707
2025-09-19 16:03:37,Model 36,Test,Time,0.0006
2025-09-19 16:03:37,Model 36,encrypted-fhe,Time,3.9919
2025-09-19 16:03:37,Model 36,encrypted-fhe,EncryptionScheme,CKKS
2025-09-19 16:03:37,Model 36,encrypted-fhe,PolyModulusDegree,32768.0000
2025-09-19 16:03:37,Model 36,encrypted-fhe,CoeffModBitSizes,"[60, 40, 40, 40, 40, 40, 40, 60]"
2025-09-19 16:03:37,Model 36,encrypted-fhe,GlobalScale(2^40),1099511627776.0000
2025-09-19 16:03:37,Model 36,encrypted-fhe,AppEncryptionKeySize,1310720.0000
2025-09-19 16:06:17,Model 37,Validation,MSE,0.0378
2025-09-19 16:06:17,Model 37,Validation,MAE,0.1245
2025-09-19 16:06:17,Model 37,Validation,MAPE,285080870191104.0000
2025-09-19 16:06:17,Model 37,Validation,R2,-0.5747
2025-09-19 16:06:17,Model 37,Validation,EVS,0.0336
2025-09-19 16:06:17,Model 37,Test,MSE,0.0270
2025-09-19 16:06:17,Model 37,Test,MAE,0.1019
2025-09-19 16:06:17,Model 37,Test,MAPE,1.9278
2025-09-19 16:06:17,Model 37,Test,R2,-95.4771
2025-09-19 16:06:17,Model 37,Test,EVS,-7.3088
2025-09-19 16:06:17,Model 37,encrypted-fhe,MSE,180.8592
2025-09-19 16:06:17,Model 37,encrypted-fhe,MAE,13.4475
2025-09-19 16:06:17,Model 37,encrypted-fhe,MAPE,51863866983977072.0000
2025-09-19 16:06:17,Model 37,encrypted-fhe,R2,-8541.9266
2025-09-19 16:06:17,Model 37,encrypted-fhe,EVS,-0.0622
2025-09-19 16:06:17,Model 37,Validation,Time,14.3544
2025-09-19 16:06:17,Model 37,Test,Time,0.0004
2025-09-19 16:06:17,Model 37,encrypted-fhe,Time,4.0042
2025-09-19 16:06:17,Model 37,encrypted-fhe,EncryptionScheme,CKKS
2025-09-19 16:06:17,Model 37,encrypted-fhe,PolyModulusDegree,32768.0000
2025-09-19 16:06:17,Model 37,encrypted-fhe,CoeffModBitSizes,"[60, 40, 40, 40, 40, 40, 40, 60]"
2025-09-19 16:06:17,Model 37,encrypted-fhe,GlobalScale(2^40),1099511627776.0000
2025-09-19 16:06:17,Model 37,encrypted-fhe,AppEncryptionKeySize,1310720.0000
2025-09-19 16:12:16,Model 38,Validation,MSE,0.0373
2025-09-19 16:12:16,Model 38,Validation,MAE,0.1267
2025-09-19 16:12:16,Model 38,Validation,MAPE,301798493519872.0000
2025-09-19 16:12:16,Model 38,Validation,R2,-0.5391
2025-09-19 16:12:16,Model 38,Validation,EVS,0.0382
2025-09-19 16:12:16,Model 38,Test,MSE,0.0390
2025-09-19 16:12:16,Model 38,Test,MAE,0.1120
2025-09-19 16:12:16,Model 38,Test,MAPE,1.6246
2025-09-19 16:12:16,Model 38,Test,R2,-444.0084
2025-09-19 16:12:16,Model 38,Test,EVS,-15.3863
2025-09-19 16:12:16,Model 38,encrypted-fhe,MSE,303.2956
2025-09-19 16:12:16,Model 38,encrypted-fhe,MAE,17.4140
2025-09-19 16:12:16,Model 38,encrypted-fhe,MAPE,67154540417749632.0000
2025-09-19 16:12:16,Model 38,encrypted-fhe,R2,-16046.1217
2025-09-19 16:12:16,Model 38,encrypted-fhe,EVS,-0.0342
2025-09-19 16:12:16,Model 38,Validation,Time,19.0604
2025-09-19 16:12:16,Model 38,Test,Time,0.0005
2025-09-19 16:12:16,Model 38,encrypted-fhe,Time,3.9492
2025-09-19 16:12:16,Model 38,encrypted-fhe,EncryptionScheme,CKKS
2025-09-19 16:12:16,Model 38,encrypted-fhe,PolyModulusDegree,32768.0000
2025-09-19 16:12:16,Model 38,encrypted-fhe,CoeffModBitSizes,"[60, 40, 40, 40, 40, 40, 40, 60]"
2025-09-19 16:12:16,Model 38,encrypted-fhe,GlobalScale(2^40),1099511627776.0000
2025-09-19 16:12:16,Model 38,encrypted-fhe,AppEncryptionKeySize,1310720.0000
2025-09-19 16:14:46,Model 39,Validation,MSE,0.0371
2025-09-19 16:14:46,Model 39,Validation,MAE,0.1242
2025-09-19 16:14:46,Model 39,Validation,MAPE,288089796771840.0000
2025-09-19 16:14:46,Model 39,Validation,R2,-0.5536
2025-09-19 16:14:46,Model 39,Validation,EVS,0.0373
2025-09-19 16:14:46,Model 39,Test,MSE,0.0330
2025-09-19 16:14:46,Model 39,Test,MAE,0.1095
2025-09-19 16:14:46,Model 39,Test,MAPE,2.1343
2025-09-19 16:14:46,Model 39,Test,R2,-74.7529
2025-09-19 16:14:46,Model 39,Test,EVS,-5.8867
2025-09-19 16:14:46,Model 39,encrypted-fhe,MSE,258.9298
2025-09-19 16:14:46,Model 39,encrypted-fhe,MAE,16.0893
2025-09-19 16:14:46,Model 39,encrypted-fhe,MAPE,62005383980447568.0000
2025-09-19 16:14:46,Model 39,encrypted-fhe,R2,-7787.3753
2025-09-19 16:14:46,Model 39,encrypted-fhe,EVS,0.0225
2025-09-19 16:14:46,Model 39,Validation,Time,20.9685
2025-09-19 16:14:46,Model 39,Test,Time,0.0007
2025-09-19 16:14:46,Model 39,encrypted-fhe,Time,4.0250
2025-09-19 16:14:46,Model 39,encrypted-fhe,EncryptionScheme,CKKS
2025-09-19 16:14:46,Model 39,encrypted-fhe,PolyModulusDegree,32768.0000
2025-09-19 16:14:46,Model 39,encrypted-fhe,CoeffModBitSizes,"[60, 40, 40, 40, 40, 40, 40, 60]"
2025-09-19 16:14:46,Model 39,encrypted-fhe,GlobalScale(2^40),1099511627776.0000
2025-09-19 16:14:46,Model 39,encrypted-fhe,AppEncryptionKeySize,1310720.0000
2025-09-19 16:18:44,Model 40,Validation,MSE,0.0368
2025-09-19 16:18:44,Model 40,Validation,MAE,0.1245
2025-09-19 16:18:44,Model 40,Validation,MAPE,292683532730368.0000
2025-09-19 16:18:44,Model 40,Validation,R2,-0.5466
2025-09-19 16:18:44,Model 40,Validation,EVS,0.0318
2025-09-19 16:18:44,Model 40,Test,MSE,0.0397
2025-09-19 16:18:44,Model 40,Test,MAE,0.1344
2025-09-19 16:18:44,Model 40,Test,MAPE,1.4010
2025-09-19 16:18:44,Model 40,Test,R2,-514.5663
2025-09-19 16:18:44,Model 40,Test,EVS,-23.7464
2025-09-19 16:18:44,Model 40,encrypted-fhe,MSE,233.3347
2025-09-19 16:18:44,Model 40,encrypted-fhe,MAE,15.2740
2025-09-19 16:18:44,Model 40,encrypted-fhe,MAPE,58877378760052328.0000
2025-09-19 16:18:44,Model 40,encrypted-fhe,R2,-2655.3570
2025-09-19 16:18:44,Model 40,encrypted-fhe,EVS,0.0712
2025-09-19 16:18:44,Model 40,Validation,Time,7.4204
2025-09-19 16:18:44,Model 40,Test,Time,0.0005
2025-09-19 16:18:44,Model 40,encrypted-fhe,Time,3.9909
2025-09-19 16:18:44,Model 40,encrypted-fhe,EncryptionScheme,CKKS
2025-09-19 16:18:44,Model 40,encrypted-fhe,PolyModulusDegree,32768.0000
2025-09-19 16:18:44,Model 40,encrypted-fhe,CoeffModBitSizes,"[60, 40, 40, 40, 40, 40, 40, 60]"
2025-09-19 16:18:44,Model 40,encrypted-fhe,GlobalScale(2^40),1099511627776.0000
2025-09-19 16:18:44,Model 40,encrypted-fhe,AppEncryptionKeySize,1310720.0000
2025-09-19 16:21:56,Model 41,Validation,MSE,0.0367
2025-09-19 16:21:56,Model 41,Validation,MAE,0.1275
2025-09-19 16:21:56,Model 41,Validation,MAPE,309792904052736.0000
2025-09-19 16:21:56,Model 41,Validation,R2,-0.5234
2025-09-19 16:21:56,Model 41,Validation,EVS,0.0389
2025-09-19 16:21:56,Model 41,Test,MSE,0.0402
2025-09-19 16:21:56,Model 41,Test,MAE,0.1397
2025-09-19 16:21:56,Model 41,Test,MAPE,1.3837
2025-09-19 16:21:56,Model 41,Test,R2,-536.0229
2025-09-19 16:21:56,Model 41,Test,EVS,-13.6947
2025-09-19 16:21:56,Model 41,encrypted-fhe,MSE,279.6304
2025-09-19 16:21:56,Model 41,encrypted-fhe,MAE,16.7210
2025-09-19 16:21:56,Model 41,encrypted-fhe,MAPE,64478250934112816.0000
2025-09-19 16:21:56,Model 41,encrypted-fhe,R2,-3168.6117
2025-09-19 16:21:56,Model 41,encrypted-fhe,EVS,0.0615
2025-09-19 16:21:56,Model 41,Validation,Time,7.2105
2025-09-19 16:21:56,Model 41,Test,Time,0.0006
2025-09-19 16:21:56,Model 41,encrypted-fhe,Time,3.9917
2025-09-19 16:21:56,Model 41,encrypted-fhe,EncryptionScheme,CKKS
2025-09-19 16:21:56,Model 41,encrypted-fhe,PolyModulusDegree,32768.0000
2025-09-19 16:21:56,Model 41,encrypted-fhe,CoeffModBitSizes,"[60, 40, 40, 40, 40, 40, 40, 60]"
2025-09-19 16:21:56,Model 41,encrypted-fhe,GlobalScale(2^40),1099511627776.0000
2025-09-19 16:21:56,Model 41,encrypted-fhe,AppEncryptionKeySize,1310720.0000
2025-09-19 16:24:52,Model 42,Validation,MSE,0.0368
2025-09-19 16:24:52,Model 42,Validation,MAE,0.1276
2025-09-19 16:24:52,Model 42,Validation,MAPE,310550798008320.0000
2025-09-19 16:24:52,Model 42,Validation,R2,-0.5203
2025-09-19 16:24:52,Model 42,Validation,EVS,0.0401
2025-09-19 16:24:52,Model 42,Test,MSE,0.0404
2025-09-19 16:24:52,Model 42,Test,MAE,0.1406
2025-09-19 16:24:52,Model 42,Test,MAPE,1.3793
2025-09-19 16:24:52,Model 42,Test,R2,-285.3605
2025-09-19 16:24:52,Model 42,Test,EVS,-9.7091
2025-09-19 16:24:52,Model 42,encrypted-fhe,MSE,277.6510
2025-09-19 16:24:52,Model 42,encrypted-fhe,MAE,16.6617
2025-09-19 16:24:52,Model 42,encrypted-fhe,MAPE,64248373861655016.0000
2025-09-19 16:24:52,Model 42,encrypted-fhe,R2,-3147.4606
2025-09-19 16:24:52,Model 42,encrypted-fhe,EVS,0.0705
2025-09-19 16:24:52,Model 42,Validation,Time,7.0749
2025-09-19 16:24:52,Model 42,Test,Time,0.0005
2025-09-19 16:24:52,Model 42,encrypted-fhe,Time,4.0169
2025-09-19 16:24:52,Model 42,encrypted-fhe,EncryptionScheme,CKKS
2025-09-19 16:24:52,Model 42,encrypted-fhe,PolyModulusDegree,32768.0000
2025-09-19 16:24:52,Model 42,encrypted-fhe,CoeffModBitSizes,"[60, 40, 40, 40, 40, 40, 40, 60]"
2025-09-19 16:24:52,Model 42,encrypted-fhe,GlobalScale(2^40),1099511627776.0000
2025-09-19 16:24:52,Model 42,encrypted-fhe,AppEncryptionKeySize,1310720.0000
2025-09-19 16:28:23,Model 43,Validation,MSE,0.0367
2025-09-19 16:28:23,Model 43,Validation,MAE,0.1275
2025-09-19 16:28:23,Model 43,Validation,MAPE,310812891676672.0000
2025-09-19 16:28:23,Model 43,Validation,R2,-0.5236
2025-09-19 16:28:23,Model 43,Validation,EVS,0.0353
2025-09-19 16:28:23,Model 43,Test,MSE,0.0399
2025-09-19 16:28:23,Model 43,Test,MAE,0.1386
2025-09-19 16:28:23,Model 43,Test,MAPE,1.3595
2025-09-19 16:28:23,Model 43,Test,R2,-567.4152
2025-09-19 16:28:23,Model 43,Test,EVS,-25.5961
2025-09-19 16:28:23,Model 43,encrypted-fhe,MSE,268.0283
2025-09-19 16:28:23,Model 43,encrypted-fhe,MAE,16.3704
2025-09-19 16:28:23,Model 43,encrypted-fhe,MAPE,63119603064435128.0000
2025-09-19 16:28:23,Model 43,encrypted-fhe,R2,-3044.7052
2025-09-19 16:28:23,Model 43,encrypted-fhe,EVS,0.0918
2025-09-19 16:28:23,Model 43,Validation,Time,7.4466
2025-09-19 16:28:23,Model 43,Test,Time,0.0012
2025-09-19 16:28:23,Model 43,encrypted-fhe,Time,4.0089
2025-09-19 16:28:23,Model 43,encrypted-fhe,EncryptionScheme,CKKS
2025-09-19 16:28:23,Model 43,encrypted-fhe,PolyModulusDegree,32768.0000
2025-09-19 16:28:23,Model 43,encrypted-fhe,CoeffModBitSizes,"[60, 40, 40, 40, 40, 40, 40, 60]"
2025-09-19 16:28:23,Model 43,encrypted-fhe,GlobalScale(2^40),1099511627776.0000
2025-09-19 16:28:23,Model 43,encrypted-fhe,AppEncryptionKeySize,1310720.0000
2025-09-19 16:32:55,Model 44,Validation,MSE,0.0376
2025-09-19 16:32:55,Model 44,Validation,MAE,0.1224
2025-09-19 16:32:55,Model 44,Validation,MAPE,274858680254464.0000
2025-09-19 16:32:55,Model 44,Validation,R2,-0.5769
2025-09-19 16:32:55,Model 44,Validation,EVS,0.0312
2025-09-19 16:32:55,Model 44,Test,MSE,0.0297
2025-09-19 16:32:55,Model 44,Test,MAE,0.1116
2025-09-19 16:32:55,Model 44,Test,MAPE,2.4574
2025-09-19 16:32:55,Model 44,Test,R2,-162.5417
2025-09-19 16:32:55,Model 44,Test,EVS,-6.0781
2025-09-19 16:32:55,Model 44,encrypted-fhe,MSE,185.7794
2025-09-19 16:32:55,Model 44,encrypted-fhe,MAE,13.6287
2025-09-19 16:32:55,Model 44,encrypted-fhe,MAPE,52496029845762184.0000
2025-09-19 16:32:55,Model 44,encrypted-fhe,R2,-5042.8845
2025-09-19 16:32:55,Model 44,encrypted-fhe,EVS,-0.0493
2025-09-19 16:32:55,Model 44,Validation,Time,7.6705
2025-09-19 16:32:55,Model 44,Test,Time,0.0005
2025-09-19 16:32:55,Model 44,encrypted-fhe,Time,4.0182
2025-09-19 16:32:55,Model 44,encrypted-fhe,EncryptionScheme,CKKS
2025-09-19 16:32:55,Model 44,encrypted-fhe,PolyModulusDegree,32768.0000
2025-09-19 16:32:55,Model 44,encrypted-fhe,CoeffModBitSizes,"[60, 40, 40, 40, 40, 40, 40, 60]"
2025-09-19 16:32:55,Model 44,encrypted-fhe,GlobalScale(2^40),1099511627776.0000
2025-09-19 16:32:55,Model 44,encrypted-fhe,AppEncryptionKeySize,1310720.0000
2025-09-19 16:36:01,Model 45,Validation,MSE,0.0370
2025-09-19 16:36:01,Model 45,Validation,MAE,0.1237
2025-09-19 16:36:01,Model 45,Validation,MAPE,286998640197632.0000
2025-09-19 16:36:01,Model 45,Validation,R2,-0.5489
2025-09-19 16:36:01,Model 45,Validation,EVS,0.0363
2025-09-19 16:36:01,Model 45,Test,MSE,0.0419
2025-09-19 16:36:01,Model 45,Test,MAE,0.1387
2025-09-19 16:36:01,Model 45,Test,MAPE,1.3936
2025-09-19 16:36:01,Model 45,Test,R2,-862.4896
2025-09-19 16:36:01,Model 45,Test,EVS,-22.2090
2025-09-19 16:36:01,Model 45,encrypted-fhe,MSE,299.4035
2025-09-19 16:36:01,Model 45,encrypted-fhe,MAE,17.3014
2025-09-19 16:36:01,Model 45,encrypted-fhe,MAPE,66660388317503376.0000
2025-09-19 16:36:01,Model 45,encrypted-fhe,R2,-7359.1441
2025-09-19 16:36:01,Model 45,encrypted-fhe,EVS,-0.0233
2025-09-19 16:36:01,Model 45,Validation,Time,7.1554
2025-09-19 16:36:01,Model 45,Test,Time,0.0005
2025-09-19 16:36:01,Model 45,encrypted-fhe,Time,4.0096
2025-09-19 16:36:01,Model 45,encrypted-fhe,EncryptionScheme,CKKS
2025-09-19 16:36:01,Model 45,encrypted-fhe,PolyModulusDegree,32768.0000
2025-09-19 16:36:01,Model 45,encrypted-fhe,CoeffModBitSizes,"[60, 40, 40, 40, 40, 40, 40, 60]"
2025-09-19 16:36:01,Model 45,encrypted-fhe,GlobalScale(2^40),1099511627776.0000
2025-09-19 16:36:01,Model 45,encrypted-fhe,AppEncryptionKeySize,1310720.0000
2025-09-19 16:37:33,Model 46,Validation,MSE,0.0373
2025-09-19 16:37:33,Model 46,Validation,MAE,0.1268
2025-09-19 16:37:33,Model 46,Validation,MAPE,301117606985728.0000
2025-09-19 16:37:33,Model 46,Validation,R2,-0.5533
2025-09-19 16:37:33,Model 46,Validation,EVS,0.0318
2025-09-19 16:37:33,Model 46,Test,MSE,0.0412
2025-09-19 16:37:33,Model 46,Test,MAE,0.1413
2025-09-19 16:37:33,Model 46,Test,MAPE,1.4396
2025-09-19 16:37:33,Model 46,Test,R2,-466.0851
2025-09-19 16:37:33,Model 46,Test,EVS,-26.7327
2025-09-19 16:37:33,Model 46,encrypted-fhe,MSE,199.0510
2025-09-19 16:37:33,Model 46,encrypted-fhe,MAE,14.1072
2025-09-19 16:37:33,Model 46,encrypted-fhe,MAPE,54358227446806960.0000
2025-09-19 16:37:33,Model 46,encrypted-fhe,R2,-2274.6060
2025-09-19 16:37:33,Model 46,encrypted-fhe,EVS,0.0659
2025-09-19 16:37:33,Model 46,Validation,Time,7.8211
2025-09-19 16:37:33,Model 46,Test,Time,0.0009
2025-09-19 16:37:33,Model 46,encrypted-fhe,Time,4.0030
2025-09-19 16:37:33,Model 46,encrypted-fhe,EncryptionScheme,CKKS
2025-09-19 16:37:33,Model 46,encrypted-fhe,PolyModulusDegree,32768.0000
2025-09-19 16:37:33,Model 46,encrypted-fhe,CoeffModBitSizes,"[60, 40, 40, 40, 40, 40, 40, 60]"
2025-09-19 16:37:33,Model 46,encrypted-fhe,GlobalScale(2^40),1099511627776.0000
2025-09-19 16:37:33,Model 46,encrypted-fhe,AppEncryptionKeySize,1310720.0000
2025-09-19 16:38:58,Model 47,Validation,MSE,0.0363
2025-09-19 16:38:58,Model 47,Validation,MAE,0.1280
2025-09-19 16:38:58,Model 47,Validation,MAPE,316804371054592.0000
2025-09-19 16:38:58,Model 47,Validation,R2,-0.4726
2025-09-19 16:38:58,Model 47,Validation,EVS,0.0375
2025-09-19 16:38:58,Model 47,Test,MSE,0.0308
2025-09-19 16:38:58,Model 47,Test,MAE,0.1117
2025-09-19 16:38:58,Model 47,Test,MAPE,1.7668
2025-09-19 16:38:58,Model 47,Test,R2,-424.1553
2025-09-19 16:38:58,Model 47,Test,EVS,-31.9771
2025-09-19 16:38:58,Model 47,encrypted-fhe,MSE,202.5811
2025-09-19 16:38:58,Model 47,encrypted-fhe,MAE,14.2316
2025-09-19 16:38:58,Model 47,encrypted-fhe,MAPE,54829709858581136.0000
2025-09-19 16:38:58,Model 47,encrypted-fhe,R2,-3701.8238
2025-09-19 16:38:58,Model 47,encrypted-fhe,EVS,0.0680
2025-09-19 16:38:58,Model 47,Validation,Time,6.1309
2025-09-19 16:38:58,Model 47,Test,Time,0.0004
2025-09-19 16:38:58,Model 47,encrypted-fhe,Time,3.9950
2025-09-19 16:38:58,Model 47,encrypted-fhe,EncryptionScheme,CKKS
2025-09-19 16:38:58,Model 47,encrypted-fhe,PolyModulusDegree,32768.0000
2025-09-19 16:38:58,Model 47,encrypted-fhe,CoeffModBitSizes,"[60, 40, 40, 40, 40, 40, 40, 60]"
2025-09-19 16:38:58,Model 47,encrypted-fhe,GlobalScale(2^40),1099511627776.0000
2025-09-19 16:38:58,Model 47,encrypted-fhe,AppEncryptionKeySize,1310720.0000
2025-09-19 17:04:55,Model 48,Validation,MSE,0.0372
2025-09-19 17:04:55,Model 48,Validation,MAE,0.1239
2025-09-19 17:04:55,Model 48,Validation,MAPE,285695184732160.0000
2025-09-19 17:04:55,Model 48,Validation,R2,-0.5635
2025-09-19 17:04:55,Model 48,Validation,EVS,0.0356
2025-09-19 17:04:55,Model 48,Test,MSE,0.0375
2025-09-19 17:04:55,Model 48,Test,MAE,0.1185
2025-09-19 17:04:55,Model 48,Test,MAPE,1.6314
2025-09-19 17:04:55,Model 48,Test,R2,-404.2015
2025-09-19 17:04:55,Model 48,Test,EVS,-11.6031
2025-09-19 17:04:55,Model 48,encrypted-fhe,MSE,248.0212
2025-09-19 17:04:55,Model 48,encrypted-fhe,MAE,15.7474
2025-09-19 17:04:55,Model 48,encrypted-fhe,MAPE,60695525898490880.0000
2025-09-19 17:04:55,Model 48,encrypted-fhe,R2,-1733.7200
2025-09-19 17:04:55,Model 48,encrypted-fhe,EVS,0.1033
2025-09-19 17:04:55,Model 48,Validation,Time,7.1701
2025-09-19 17:04:55,Model 48,Test,Time,0.0024
2025-09-19 17:04:55,Model 48,encrypted-fhe,Time,4.0096
2025-09-19 17:04:55,Model 48,encrypted-fhe,EncryptionScheme,CKKS
2025-09-19 17:04:55,Model 48,encrypted-fhe,PolyModulusDegree,32768.0000
2025-09-19 17:04:55,Model 48,encrypted-fhe,CoeffModBitSizes,"[60, 40, 40, 40, 40, 40, 40, 60]"
2025-09-19 17:04:55,Model 48,encrypted-fhe,GlobalScale(2^40),1099511627776.0000
2025-09-19 17:04:55,Model 48,encrypted-fhe,AppEncryptionKeySize,1310720.0000
2025-09-19 17:06:40,Model 49,Validation,MSE,0.0373
2025-09-19 17:06:40,Model 49,Validation,MAE,0.1233
2025-09-19 17:06:40,Model 49,Validation,MAPE,283645445144576.0000
2025-09-19 17:06:40,Model 49,Validation,R2,-0.5264
2025-09-19 17:06:40,Model 49,Validation,EVS,0.0326
2025-09-19 17:06:40,Model 49,Test,MSE,0.0443
2025-09-19 17:06:40,Model 49,Test,MAE,0.1345
2025-09-19 17:06:40,Model 49,Test,MAPE,1.5521
2025-09-19 17:06:40,Model 49,Test,R2,-452.7877
2025-09-19 17:06:40,Model 49,Test,EVS,-34.2108
2025-09-19 17:06:40,Model 49,encrypted-fhe,MSE,209.9890
2025-09-19 17:06:40,Model 49,encrypted-fhe,MAE,14.4900
2025-09-19 17:06:40,Model 49,encrypted-fhe,MAPE,55872828077187064.0000
2025-09-19 17:06:40,Model 49,encrypted-fhe,R2,-1406.2724
2025-09-19 17:06:40,Model 49,encrypted-fhe,EVS,0.0979
2025-09-19 17:06:40,Model 49,Validation,Time,7.8065
2025-09-19 17:06:40,Model 49,Test,Time,0.0005
2025-09-19 17:06:40,Model 49,encrypted-fhe,Time,4.0167
2025-09-19 17:06:40,Model 49,encrypted-fhe,EncryptionScheme,CKKS
2025-09-19 17:06:40,Model 49,encrypted-fhe,PolyModulusDegree,32768.0000
2025-09-19 17:06:40,Model 49,encrypted-fhe,CoeffModBitSizes,"[60, 40, 40, 40, 40, 40, 40, 60]"
2025-09-19 17:06:40,Model 49,encrypted-fhe,GlobalScale(2^40),1099511627776.0000
2025-09-19 17:06:40,Model 49,encrypted-fhe,AppEncryptionKeySize,1310720.0000
2025-09-19 19:22:26,Model 50,Validation,MSE,0.0373
2025-09-19 19:22:26,Model 50,Validation,MAE,0.1259
2025-09-19 19:22:26,Model 50,Validation,MAPE,297658715471872.0000
2025-09-19 19:22:26,Model 50,Validation,R2,-0.5283
2025-09-19 19:22:26,Model 50,Validation,EVS,0.0381
2025-09-19 19:22:26,Model 50,Test,MSE,0.0472
2025-09-19 19:22:26,Model 50,Test,MAE,0.1543
2025-09-19 19:22:26,Model 50,Test,MAPE,1.4084
2025-09-19 19:22:26,Model 50,Test,R2,-781.8604
2025-09-19 19:22:26,Model 50,Test,EVS,-12.6376
2025-09-19 19:22:26,Model 50,encrypted-fhe,MSE,281.0392
2025-09-19 19:22:26,Model 50,encrypted-fhe,MAE,16.7627
2025-09-19 19:22:26,Model 50,encrypted-fhe,MAPE,64607960641400976.0000
2025-09-19 19:22:26,Model 50,encrypted-fhe,R2,-35772.7363
2025-09-19 19:22:26,Model 50,encrypted-fhe,EVS,-0.0095
2025-09-19 19:22:26,Model 50,Validation,Time,129.8264
2025-09-19 19:22:26,Model 50,Test,Time,0.0021
2025-09-19 19:22:26,Model 50,encrypted-fhe,Time,3.7343
2025-09-19 19:22:26,Model 50,encrypted-fhe,EncryptionScheme,CKKS
2025-09-19 19:22:26,Model 50,encrypted-fhe,PolyModulusDegree,32768.0000
2025-09-19 19:22:26,Model 50,encrypted-fhe,CoeffModBitSizes,"[60, 40, 40, 40, 40, 40, 40, 60]"
2025-09-19 19:22:26,Model 50,encrypted-fhe,GlobalScale(2^40),1099511627776.0000
2025-09-19 19:22:26,Model 50,encrypted-fhe,AppEncryptionKeySize,1310720.0000
2025-09-19 19:25:46,Model 51,Validation,MSE,0.0376
2025-09-19 19:25:46,Model 51,Validation,MAE,0.1307
2025-09-19 19:25:46,Model 51,Validation,MAPE,323873249689600.0000
2025-09-19 19:25:46,Model 51,Validation,R2,-0.5174
2025-09-19 19:25:46,Model 51,Validation,EVS,0.0407
2025-09-19 19:25:46,Model 51,Test,MSE,0.0541
2025-09-19 19:25:46,Model 51,Test,MAE,0.1442
2025-09-19 19:25:46,Model 51,Test,MAPE,1.5988
2025-09-19 19:25:46,Model 51,Test,R2,-428.6998
2025-09-19 19:25:46,Model 51,Test,EVS,-7.5822
2025-09-19 19:25:46,Model 51,encrypted-fhe,MSE,270.2084
2025-09-19 19:25:46,Model 51,encrypted-fhe,MAE,16.4367
2025-09-19 19:25:46,Model 51,encrypted-fhe,MAPE,63627123700412240.0000
2025-09-19 19:25:46,Model 51,encrypted-fhe,R2,-16156.3108
2025-09-19 19:25:46,Model 51,encrypted-fhe,EVS,-0.0311
2025-09-19 19:25:46,Model 51,Validation,Time,49.6738
2025-09-19 19:25:46,Model 51,Test,Time,0.0004
2025-09-19 19:25:46,Model 51,encrypted-fhe,Time,3.7113
2025-09-19 19:25:46,Model 51,encrypted-fhe,EncryptionScheme,CKKS
2025-09-19 19:25:46,Model 51,encrypted-fhe,PolyModulusDegree,32768.0000
2025-09-19 19:25:46,Model 51,encrypted-fhe,CoeffModBitSizes,"[60, 40, 40, 40, 40, 40, 40, 60]"
2025-09-19 19:25:46,Model 51,encrypted-fhe,GlobalScale(2^40),1099511627776.0000
2025-09-19 19:25:46,Model 51,encrypted-fhe,AppEncryptionKeySize,1310720.0000
